일본어한자,일본어발음,한글 뜻과 한자별 한글독음,일본어예문,예문한글번역문
集める,あつめる,모으다 (集: 모을 집),資料を集めておくつもりです。,자료를 모아 둘 생각입니다.
集まる,あつまる,모이다 (集: 모을 집),人がたくさん集まっています。,사람이 많이 모여 있습니다.
決める,きめる,정하다 (決: 결단할 결),来年、日本へ行くことに決めました。,내년에 일본에 가기로 정했습니다.
決まる,きまる,정해지다 (決: 결단할 결),旅行の予定がもう決まりました。,여행 일정이 이미 정해졌습니다.
伝える,つたえる,전하다 (伝: 전할 전),彼に私の気持ちを伝えたいです。,그에게 내 마음을 전하고 싶습니다.
伝わる,つたわる,전해지다 (伝: 전할 전),言葉の意味がうまく伝わらないことがあります。,말의 의미가 잘 전해지지 않을 때가 있습니다.
続ける,つづける,계속하다 (続: 이을 속),AICCシステムの導入について検討し続けています。,AICC 시스템 도입에 대해 계속 검토하고 있습니다.
続く,つづく,계속되다 (続: 이을 속),雨が三日も続いています。,비가 3일이나 계속되고 있습니다.
始める,はじめる,시작하다 (始: 비로소 시),明日からダイエットを始めようと思います。,내일부터 다이어트를 시작하려고 합니다.
始まる,はじまる,시작되다 (始: 비로소 시),新しいドラマが始まるそうです。,새로운 드라마가 시작된다고 합니다.
見つける,みつける,찾다/발견하다 (見: 볼 견),探していた本をやっと見つけました。,찾고 있던 책을 겨우 발견했습니다.
見つかる,みつかる,발견되다 (見: 볼 견),ゲーム機の無線の干渉の原因が見つかりました。,게임기의 무선 간섭 원인이 발견되었습니다.
変える,かえる,바꾸다 (変: 변할 변),ドライバーのスイング軌道をアウトインから変えたいです。,드라이버 스윙 궤도를 아웃인에서 바꾸고 싶습니다.
変わる,かわる,변하다 (変: 변할 변),この町も昔とずいぶん変わってしまいました。,이 마을도 옛날과 꽤 변해 버렸습니다.
直す,なおす,고치다/수리하다 (直: 곧을 직),古いゲーム機のディスクトレイを自分で直しておきました。,오래된 게임기의 디스크 트레이를 혼자서 고쳐 두었습니다.
直る,なおる,고쳐지다 (直: 곧을 직),パソコンの故障がすぐに直ってよかったです。,컴퓨터 고장이 바로 고쳐져서 다행입니다.
治す,なおす,치료하다 (治: 다스릴 치),薬を飲んで早く風邪を治してください。,약을 먹고 빨리 감기를 치료해 주세요.
治る,なおる,낫다 (治: 다스릴 치),風邪が治ったら、遊びに行きましょう。,감기가 나으면 놀러 갑시다.
落とす,おとす,떨어뜨리다 (落: 떨어질 낙),道で財布を落としてしまいました。,길에서 지갑을 떨어뜨려 버렸습니다.
落ちる,おちる,떨어지다 (落: 떨어질 낙),木からリンゴが落ちました。,나무에서 사과가 떨어졌습니다.
起こす,おこす,일으키다/깨우다 (起: 일어날 기),毎朝６時に娘を起こすようにしています。,매일 아침 6시에 딸을 깨우도록 하고 있습니다.
掛ける,かける,걸다 (掛: 걸 괘),壁にきれいな絵を掛けておきました。,벽에 예쁜 그림을 걸어 두었습니다.
掛かる,かかる,걸리다 (掛: 걸 괘),駅まで歩いて１０分くらい掛かります。,역까지 걸어서 10분 정도 걸립니다.
曲げる,まげる,굽히다 (曲: 굽을 곡),膝を曲げて運動してください。,무릎을 굽히고 운동해 주세요.
曲がる,まがる,구부러지다/돌다 (曲: 굽을 곡),ボールが右に曲がって、スライスになってしまいます。,공이 오른쪽으로 휘어서 슬라이스가 나 버립니다.
開ける,あける,열다 (開: 열 개),暑いから、少し窓を開けてもいいですか。,더우니까 창문을 조금 열어도 되겠습니까?
開く,あく,열리다 (開: 열 개),風でドアが急に開きました。,바람 때문에 문이 갑자기 열렸습니다.
閉める,しめる,닫다 (閉: 닫을 폐),寝る前に、必ず鍵を閉めるようにしてください。,자기 전에 반드시 자물쇠를 잠그도록 해 주세요.
閉まる,しまる,닫히다 (閉: 닫을 폐),夜遅いので、もう店が閉まっています。,밤이 늦어서 이미 가게가 닫혀 있습니다.
出す,だす,내다/꺼내다 (出: 날 출),カバンの中からノートを出してください。,가방 안에서 노트를 꺼내 주세요.
入れる,いれる,넣다 (入: 들 입),パンの生地に水を正確な割合で入れなければなりません。,빵 반죽에 물을 정확한 비율로 넣어야 합니다.
返す,かえす,돌려주다 (返: 돌이킬 반),図書館で借りた本を明日返さなければなりません。,도서관에서 빌린 책을 내일 돌려주어야 합니다.
止める,とめる,멈추다/세우다 (止: 그칠 지),あそこに車を止めてもいいですか。,저기에 차를 세워도 되겠습니까?
止まる,とまる,멈추다/서다 (止: 그칠 지),急に電車が止まってびっくりしました。,갑자기 전철이 멈춰서 깜짝 놀랐습니다.
知らせる,しらせる,알리다 (知: 알 지),会議の時間をみんなに知らせておきます。,회의 시간을 모두에게 알려 두겠습니다.
答える,こたえる,대답하다 (答: 대답할 답),コールセンターでお客様の質問に丁寧に答えます。,콜센터에서 고객의 질문에 정중하게 대답합니다.
尋ねる,たずねる,묻다/방문하다 (尋: 찾을 심),フランスの演劇について少し尋ねてもいいですか。,프랑스 연극에 대해 조금 물어봐도 되겠습니까?
考える,かんがえる,생각하다 (考: 생각할 고),人間関係の適切な距離についてよく考えます。,인간관계의 적절한 거리에 대해 자주 생각합니다.
思い出す,おもいだす,"떠올리다/생각나다 (思: 생각 사, 出: 날 출)",昔見たブレッソン監督の映画を思い出しました。,옛날에 본 브레송 감독의 영화가 떠올랐습니다.
信じる,しんじる,믿다 (信: 믿을 신),私は彼の言ったことを信じています。,나는 그가 한 말을 믿고 있습니다.
確かめる,たしかめる,확인하다 (確: 굳을 확),オーロラダッシュボードのファイル経路を確かめるようにしました。,오로라 대시보드의 파일 경로를 확인하도록 했습니다.
探す,さがす,찾다 (探: 찾을 탐),なくした時計を一日中探しましたが、見つかりませんでした。,"잃어버린 시계를 하루 종일 찾았지만, 발견되지 않았습니다."
調べる,しらべる,조사하다 (調: 고를 조),BPO業界の最新のトレンドを調べるつもりです。,BPO 업계의 최신 트렌드를 조사할 생각입니다.
飾る,かざる,장식하다 (飾: 꾸밀 식),部屋にきれいな花を飾っておきました。,방에 예쁜 꽃을 장식해 두었습니다.
踊る,おどる,춤추다 (踊: 뛸 용),音楽に合わせて楽しく踊りましょう。,음악에 맞춰 즐겁게 춤을 춥시다.
喜ぶ,よろこぶ,기뻐하다 (喜: 기쁠 희),プレゼントをあげたら、とても喜んでくれました。,선물을 주었더니 매우 기뻐해 주었습니다.
怒る,おこる,화내다 (怒: 성낼 노),約束を破って、友達が怒ってしまいました。,약속을 어겨서 친구가 화를 내 버렸습니다.
泣く,なく,울다 (泣: 울 읍),悲しい映画を見て、少し泣いてしまいました。,슬픈 영화를 보고 조금 울어 버렸습니다.
笑う,わらう,웃다 (笑: 웃을 소),彼の面白い話を聞いて、みんなで笑いました。,그의 재미있는 이야기를 듣고 다 함께 웃었습니다.
眠る,ねむる,잠들다 (眠: 잘 면),疲れていたので、すぐに眠ってしまいました。,피곤했기 때문에 바로 잠들어 버렸습니다.
覚める,さめる,깨다 (覚: 깨달을 각),朝早く目が覚めて、そのまま起きました。,"아침 일찍 잠이 깨서, 그대로 일어났습니다."
疲れる,つかれる,지치다/피곤하다 (疲: 피곤할 피),会社員として長く働いて、時々疲れることがあります。,"회사원으로서 오래 일해서, 가끔 지칠 때가 있습니다."
驚く,おどろく,놀라다 (驚: 놀랄 경),ドイツで看護師をしていた義母の話に驚きました。,독일에서 간호사를 하셨던 장모님의 이야기에 놀랐습니다.
安心する,あんしんする,"안심하다 (安: 편안 안, 心: 마음 심)",娘がテストに合格して、安心しました。,딸이 시험에 합격해서 안심했습니다.
約束する,やくそくする,"약속하다 (約: 맺을 약, 束: 묶을 속)",明日、友達と映画を見る約束をしています。,내일 친구와 영화를 볼 약속을 했습니다.
予約する,よやくする,"예약하다 (予: 미리 여, 約: 맺을 약)",５月のフランス旅行のために、ホテルを予約しておきました。,5월 프랑스 여행을 위해 호텔을 예약해 두었습니다.
連絡する,れんらくする,"연락하다 (連: 잇닿을 연, 絡: 이을 락)",駅に着いたら、すぐに私に連絡してください。,역에 도착하면 바로 나에게 연락해 주세요.
相談する,そうだんする,"상담하다/의논하다 (相: 서로 상, 談: 말씀 담)",今後の進路について、先生に相談しようと思います。,앞으로의 진로에 대해 선생님에게 의논하려고 합니다.
頼む,たのむ,부탁하다 (頼: 의뢰할 뢰),同僚に仕事を頼んで、先に帰りました。,동료에게 일을 부탁하고 먼저 돌아갔습니다.
断る,ことわる,거절하다 (断: 끊을 단),用事があるので、飲み会の誘いを断りました。,볼일이 있어서 회식 권유를 거절했습니다.
手伝う,てつだう,"돕다 (手: 손 수, 伝: 전할 전)",数学の試験を控えた娘の勉強を手伝っています。,수학 시험을 앞둔 딸의 공부를 돕고 있습니다.
頑張る,がんばる,"열심히 하다 (頑: 완고할 완, 張: 베풀 장)",試験のために、最後まで頑張るつもりです。,시험을 위해 끝까지 열심히 할 생각입니다.
負ける,まける,지다 (負: 질 부),明日の試合には絶対に負けたくないです。,내일 시합에는 절대로 지고 싶지 않습니다.
勝つ,かつ,이기다 (勝: 이길 승),一生懸命練習したので、きっと勝てるはずです。,열심히 연습했으므로 분명 이길 수 있을 것입니다.
払う,はらう,지불하다 (払: 떨 불),カードで料金を払ってもいいですか。,카드로 요금을 지불해도 되겠습니까?
謝る,あやまる,사과하다 (謝: 사례할 사),遅刻したので、先生に謝らなければなりません。,지각했기 때문에 선생님에게 사과해야 합니다.
祈る,いのる,기도하다 (祈: 빌 기),家族の健康と安全を祈っています。,가족의 건강과 안전을 기도하고 있습니다.
祝う,いわう,축하하다 (祝: 빌 축),友達の誕生日を祝うために、ケーキを買いました。,친구의 생일을 축하하기 위해 케이크를 샀습니다.
迎える,むかえる,맞이하다/마중하다 (迎: 맞을 영),空港へお客さんを迎えに行くところです。,공항에 손님을 마중하러 가는 참입니다.
見送る,みおくる,"배웅하다 (見: 볼 견, 送: 보낼 송)",駅まで友達を見送りに行きました。,역까지 친구를 배웅하러 갔습니다.
間に合う,まにあう,"시간에 맞다 (間: 사이 간, 合: 합할 합)",走れば、まだ最終電車に間に合うかもしれません。,뛰면 아직 막차 시간에 맞을지도 모릅니다.
遅れる,おくれる,늦다 (遅: 늦을 지),事故があって、約束の時間に遅れてしまいました。,사고가 나서 약속 시간에 늦어 버렸습니다.
通う,かよう,다니다 (通: 통할 통),毎日、バスに乗って会社に通っています。,매일 버스를 타고 회사에 다닙니다.
込む,こむ,붐비다 (込: 담을 곡),朝の電車はいつも込んでいるので疲れます。,아침 전철은 항상 붐벼서 피곤합니다.
空く,すく,비다/한산하다 (空: 빌 공),昼過ぎになると、この店も空くはずです。,오후가 지나면 이 가게도 한산해질 것입니다.
触る,さわる,만지다 (触: 닿을 촉),その機械は危ないから、触らないでください。,그 기계는 위험하니까 만지지 마세요.
踏む,ふむ,밟다 (踏: 밟을 답),満員電車で、隣の人に足を踏まれてしまいました。,만원 전철에서 옆 사람에게 발을 밟혀 버렸습니다.
折る,おる,접다/꺾다 (折: 꺾을 절),こねないパンを作る時は、生地を何度か折るようにします。,"무반죽 빵을 만들 때는, 반죽을 몇 번인가 접도록 합니다."
折れる,おれる,부러지다/꺾이다 (折: 꺾을 절),強い風で木の枝が折れてしまいました。,강한 바람에 나뭇가지가 부러져 버렸습니다.
割る,わる,깨다/나누다 (割: 깰 할),コップを落として割ってしまいました。,컵을 떨어뜨려 깨 버렸습니다.
割れる,われる,깨지다 (割: 깰 할),窓ガラスが割れているので、気をつけてください。,창유리가 깨져 있으니 조심해 주세요.
汚す,よごす,더럽히다 (汚: 더러울 오),コーヒーをこぼして、服を汚してしまいました。,커피를 쏟아서 옷을 더럽혀 버렸습니다.
汚れる,よごれる,더러워지다 (汚: 더러울 오),シャツが汚れたので、洗濯しなければなりません。,셔츠가 더러워져서 세탁해야 합니다.
焼く,やく,굽다 (焼: 불탈 소),T65小麦粉を使って、家で美味しいフランスパンを焼いています。,T65 밀가루를 사용하여 집에서 맛있는 프랑스 빵을 굽고 있습니다.
焼ける,やける,구워지다/타다 (焼: 불탈 소),パンが美味しく焼ける匂いがします。,빵이 맛있게 구워지는 냄새가 납니다.
煮る,にる,끓이다/조리하다 (煮: 삶을 자),肉と野菜を一緒に煮て、カレーを作ります。,고기와 채소를 함께 끓여서 카레를 만듭니다.
沸かす,わかす,끓이다 (沸: 끓을 비),お茶を飲むために、お湯を沸かしておきます。,차를 마시기 위해 물을 끓여 둡니다.
沸く,わく,끓다 (沸: 끓을 비),お湯が沸いたら、火を止めてください。,물이 끓으면 불을 꺼 주세요.
捨てる,すてる,버리다 (捨: 버릴 사),このゴミは、どこに捨てればいいですか。,이 쓰레기는 어디에 버리면 됩니까?
拾う,ひろう,줍다 (拾: 주울 습),道で可愛い猫を拾って、家で飼うことにしました。,길에서 귀여운 고양이를 주워서 집에서 키우기로 했습니다.
盗む,ぬすむ,훔치다 (盗: 도둑 도),誰かにカバンを盗まれてしまって、困っています。,누군가에게 가방을 도둑맞아 버려서 곤란합니다.
逃げる,にげる,도망치다 (逃: 도망할 도),泥棒は窓から逃げたそうです。,도둑은 창문으로 도망쳤다고 합니다.
捕まえる,つかまえる,붙잡다 (捕: 사로잡을 포),警察が泥棒を捕まえたというニュースを見ました。,경찰이 도둑을 붙잡았다는 뉴스를 보았습니다.
迷う,まよう,헤매다/망설이다 (迷: 미혹할 미),道に迷ってしまったので、交番で聞こうと思います。,"길을 헤매 버려서, 파출소에서 물어보려고 합니다."
選ぶ,えらぶ,고르다 (選: 가릴 선),バゲットに合う良い小麦粉を選ぶために比べてみました。,바게트에 맞는 좋은 밀가루를 고르기 위해 비교해 보았습니다.
比べる,くらべる,비교하다 (比: 견줄 비),AICCソリューションの会社をいくつか比べてみたいです。,AICC 솔루션 회사를 몇 가지 비교해 보고 싶습니다.
諦める,あきらめる,포기하다 (諦: 살필 체),難しくても、最後まで諦めないでください。,어려워도 끝까지 포기하지 마세요.
慣れる,なれる,익숙해지다 (慣: 익숙할 관),サイのように一人で静かに過ごすことにも慣れました。,코뿔소처럼 혼자서 조용히 지내는 것에도 익숙해졌습니다.
褒める,ほめる,칭찬하다 (褒: 기릴 포),娘がテストで満点を取って、先生に褒められました。,딸이 시험에서 만점을 받아서 선생님에게 칭찬받았습니다.
叱る,しかる,꾸짖다/야단치다 (叱: 꾸짖을 질),子供が嘘をついたので、厳しく叱りました。,아이가 거짓말을 해서 엄하게 꾸짖었습니다.
