Word,Part of Speech,Korean Meaning,Example Sentence,Korean Translation
metaphor,n.,"은유, 비유",The poet uses the ocean as a metaphor for the vastness of human emotion.,시인은 바다를 인간 감정의 광활함에 대한 은유로 사용한다.
simile,n.,직유(법),"Her writing is full of similes, such as 'as brave as a lion'.",그녀의 글은 '사자처럼 용감한'과 같은 직유로 가득 차 있다.
irony,n.,"아이러니, 반어법",The tragic irony of the play is that the hero dies just before help arrives.,그 연극의 비극적 아이러니는 주인공이 구조대가 도착하기 직전에 죽는다는 것이다.
satire,n.,풍자,The novel is a brilliant satire on modern consumer society.,그 소설은 현대 소비 사회에 대한 훌륭한 풍자이다.
allegory,n.,"우화, 풍유(법)",Animal Farm is an allegory of the Russian Revolution.,동물 농장은 러시아 혁명의 우화이다.
alliteration,n.,두운(법),The phrase 'sweet birds sang' is a simple example of alliteration.,'sweet birds sang'이라는 구절은 두운법의 간단한 예이다.
paradox,n.,역설,It is a curious paradox that drinking a lot of water can sometimes make you feel thirstier.,물을 많이 마시는 것이 때로는 갈증을 더 느끼게 할 수 있다는 것은 기이한 역설이다.
personification,n.,의인화,"Through personification, the wind was described as howling in anger.",의인화를 통해 바람은 분노하여 울부짖는 것으로 묘사되었다.
hyperbole,n.,과장(법),To say she was 'dying of embarrassment' is an obvious hyperbole.,그녀가 '부끄러워서 죽을 지경'이라고 말하는 것은 명백한 과장이다.
rhetoric,n.,"수사학, 미사여구",The politician's speech was full of empty rhetoric rather than concrete plans.,그 정치인의 연설은 구체적인 계획보다는 공허한 미사여구로 가득 차 있었다.
anecdote,n.,일화,The speaker started his presentation with an amusing anecdote from his childhood.,연사는 자신의 어린 시절의 재미있는 일화로 발표를 시작했다.
euphemism,n.,완곡어법,'Passed away' is a common euphemism for 'died'.,'돌아가셨다'는 '죽었다'의 흔한 완곡어법이다.
oxymoron,n.,"모순형용, 모순어법",'Deafening silence' is a well-known example of an oxymoron.,'귀청이 터질 듯한 침묵'은 모순어법의 잘 알려진 예이다.
parody,n.,"패러디, 풍자적 모방",The movie is a hilarious parody of classic spy films.,그 영화는 고전 스파이 영화들을 아주 우스꽝스럽게 패러디한 것이다.
prose,n.,산문,Most novels and essays are written in prose rather than verse.,대부분의 소설과 에세이는 운문이 아닌 산문으로 쓰인다.
poetry,n.,"시, 운문",She finds comfort in reading romantic poetry.,그녀는 낭만주의 시를 읽으며 위안을 얻는다.
verse,n.,"운문, (시의) 연",The play is written entirely in blank verse.,그 희곡은 전체가 무운시로 쓰였다.
epic,n.,서사시,Homer's Odyssey is one of the most famous epics in Western literature.,호메로스의 오디세이아는 서양 문학에서 가장 유명한 서사시 중 하나이다.
lyric,adj.,서정적인,Lyric poetry often explores the personal emotions of the poet.,서정시는 종종 시인의 개인적인 감정을 탐구한다.
sonnet,n.,소네트 (14행시),Shakespeare wrote 154 sonnets dealing with themes of love and time.,셰익스피어는 사랑과 시간이라는 주제를 다룬 154편의 소네트를 썼다.
narrative,n.,"서사, 이야기",The novel has a compelling narrative that keeps readers engaged.,그 소설은 독자들을 몰입하게 만드는 흥미진진한 서사를 가지고 있다.
plot,n.,"줄거리, 구성",The plot of the mystery novel is full of unexpected twists.,그 추리 소설의 줄거리는 예기치 않은 반전으로 가득하다.
protagonist,n.,주인공,The protagonist of the story must overcome numerous obstacles to save his family.,이야기의 주인공은 가족을 구하기 위해 수많은 장애물을 극복해야 한다.
antagonist,n.,"적대자, 악역",The antagonist in the film is a corrupt politician.,그 영화의 적대자는 부패한 정치인이다.
climax,n.,"절정, 클라이맥스",The tension builds steadily until the story reaches its thrilling climax.,이야기가 스릴 넘치는 절정에 도달할 때까지 긴장감이 꾸준히 고조된다.
resolution,n.,"결말, 해소",The resolution of the conflict was satisfying for most readers.,갈등의 결말은 대부분의 독자들에게 만족스러웠다.
theme,n.,주제,The underlying theme of the novel is the struggle between good and evil.,그 소설의 근원적인 주제는 선과 악 사이의 투쟁이다.
motif,n.,"모티프, 주요 원리",The recurring motif of a ticking clock symbolizes the passing of time.,째깍거리는 시계의 반복되는 모티프는 시간의 흐름을 상징한다.
symbolism,n.,상징주의,The author uses heavy symbolism to convey the character's internal turmoil.,작가는 등장인물의 내면적 혼란을 전달하기 위해 무거운 상징주의를 사용한다.
omniscient,adj.,전지적인,"The story is told from an omniscient point of view, knowing all characters' thoughts.",그 이야기는 모든 등장인물의 생각을 아는 전지적 시점으로부터 서술된다.
setting,n.,배경,The setting of the story is a small village in 19th-century England.,이야기의 배경은 19세기 영국의 작은 마을이다.
foreshadow,v.,"복선이 되다, 전조가 되다",The dark clouds at the beginning of the film foreshadow the tragedy to come.,영화 초반의 먹구름은 다가올 비극의 복선이 된다.
flashback,n.,"회상 장면, 플래시백",The author uses flashbacks to reveal the protagonist's traumatic past.,작가는 주인공의 트라우마가 있는 과거를 드러내기 위해 회상 장면을 사용한다.
dialogue,n.,대화,The snappy dialogue makes the play very entertaining.,재치 있는 대화가 연극을 매우 즐겁게 만든다.
monologue,n.,독백,The play begins with a long monologue by the main character.,그 연극은 주인공의 긴 독백으로 시작된다.
genre,n.,장르,Science fiction is a genre that has gained immense popularity in recent decades.,공상과학은 최근 몇 십 년 동안 엄청난 인기를 얻은 장르이다.
fiction,n.,"소설, 허구",Historical fiction blends real events with imaginary characters.,역사 소설은 실제 사건과 가상의 인물을 혼합한다.
tragedy,n.,비극,Hamlet is considered one of Shakespeare's greatest tragedies.,햄릿은 셰익스피어의 가장 위대한 비극 중 하나로 여겨진다.
comedy,n.,"희극, 코미디",A comedy usually features a lighthearted tone and a happy ending.,희극은 보통 가벼운 분위기와 해피엔딩을 특징으로 한다.
myth,n.,신화,Greek myths explain natural phenomena through the actions of gods.,그리스 신화는 신들의 행동을 통해 자연 현상을 설명한다.
excerpt,n.,"발췌, 인용 부분",Read the following excerpt from the novel and answer the questions.,소설에서 발췌한 다음 부분을 읽고 질문에 답하시오.
manuscript,n.,원고,The author submitted her final manuscript to the publisher.,작가는 자신의 최종 원고를 출판사에 제출했다.
prologue,n.,"서문, 프롤로그",The prologue sets the stage for the events that follow in the main story.,프롤로그는 본론에서 이어질 사건들의 무대를 설정한다.
epilogue,n.,"맺음말, 에필로그",The epilogue reveals what happened to the characters ten years later.,에필로그는 10년 후 등장인물들에게 일어난 일을 밝혀준다.
preface,n.,"서문, 머리말","In the preface, the author explains his motivation for writing the book.",서문에서 작가는 책을 쓴 동기를 설명한다.
appendix,n.,부록,You can find a list of additional resources in the appendix.,부록에서 추가 자료 목록을 찾을 수 있습니다.
glossary,n.,용어 사전,The textbook includes a glossary of technical terms at the back.,그 교과서 뒷부분에는 전문 용어 사전이 포함되어 있다.
index,n.,색인,Use the index to quickly locate information on a specific topic.,특정 주제에 대한 정보를 빠르게 찾으려면 색인을 사용하시오.
bibliography,n.,참고문헌,Make sure to include a complete bibliography at the end of your essay.,에세이 끝에 완전한 참고문헌을 포함해야 합니다.
citation,n.,"인용, 인용구",The essay was penalized for improper citation of its sources.,그 에세이는 출처를 부적절하게 인용하여 감점을 받았다.
literal,adj.,글자 그대로의,The literal meaning of the word is quite different from how it is used today.,그 단어의 글자 그대로의 의미는 오늘날 사용되는 방식과 꽤 다르다.
figurative,adj.,비유적인,"He used the word 'explode' in a figurative sense, not a literal one.",그는 '폭발하다'라는 단어를 글자 그대로가 아닌 비유적인 의미로 사용했다.
implicit,adj.,"암시된, 내포된",There was an implicit threat in his tone of voice.,그의 목소리 톤에는 암시된 위협이 있었다.
explicit,adj.,"명백한, 뚜렷한","The instructions were explicit, leaving no room for confusion.",지시 사항은 명백하여 혼란의 여지가 없었다.
comprehend,v.,이해하다,The poem was so abstract that it was difficult to comprehend.,그 시는 너무 추상적이어서 이해하기 어려웠다.
infer,v.,추론하다,"From the character's actions, we can infer that he is hiding something.",등장인물의 행동으로부터 우리는 그가 무언가를 숨기고 있음을 추론할 수 있다.
depict,v.,"묘사하다, 그리다",The painting depicts a serene landscape at sunset.,그 그림은 해 질 녘의 평온한 풍경을 묘사한다.
portray,v.,"묘사하다, 연기하다",The author portrays the struggles of working-class families in the 1920s.,작가는 1920년대 노동자 계층 가족의 고군분투를 묘사한다.
characterize,v.,특징지어 묘사하다,The era is characterized by rapid technological advancement.,그 시대는 빠른 기술 발전으로 특징지어진다.
articulate,v.,분명히 표현하다,She struggled to articulate her thoughts and feelings.,그녀는 자신의 생각과 감정을 분명히 표현하기 위해 애썼다.
author,n.,"저자, 작가",The author of the best-selling series announced a new book.,베스트셀러 시리즈의 저자가 새 책을 발표했다.
playwright,n.,극작가,Arthur Miller is considered one of the greatest American playwrights.,아서 밀러는 가장 위대한 미국의 극작가 중 한 명으로 여겨진다.
poet,n.,시인,The poet was awarded the Nobel Prize in Literature.,그 시인은 노벨 문학상을 수상했다.
novelist,n.,소설가,"As a renowned novelist, she spends most of her time writing in isolation.","저명한 소설가로서, 그녀는 혼자 글을 쓰는 데 대부분의 시간을 보낸다."
critic,n.,"비평가, 평론가",The literary critic praised the novel for its innovative structure.,문학 평론가는 그 소설의 혁신적인 구조를 칭찬했다.
critique,n.,"비평, 평론",The professor wrote a detailed critique of the student's dissertation.,교수는 학생의 논문에 대한 상세한 비평을 썼다.
aesthetic,adj.,"미적인, 심미적인",The film was praised for its highly distinctive aesthetic qualities.,그 영화는 매우 독특한 심미적 특성으로 찬사를 받았다.
literate,adj.,글을 읽고 쓸 줄 아는,A fully literate population is essential for a functioning democracy.,제대로 기능하는 민주주의를 위해서는 글을 읽고 쓸 줄 아는 인구가 필수적이다.
illiterate,adj.,문맹의,Programs have been launched to help adults who are illiterate.,문맹인 성인들을 돕기 위한 프로그램들이 시작되었다.
compile,v.,"엮다, 편집하다",The researcher spent years compiling data for the dictionary.,연구원은 사전을 위한 데이터를 엮는 데 수년을 보냈다.
anthology,n.,"문집, 선집",The book is an anthology of modern American short stories.,그 책은 현대 미국 단편 소설 선집이다.
edition,n.,판본,The revised edition includes a new chapter and updated statistics.,개정판에는 새로운 장과 업데이트된 통계가 포함되어 있다.
volume,n.,"권, 책",The encyclopedia consists of twenty separate volumes.,그 백과사전은 20개의 별도 권으로 구성되어 있다.
draft,n.,초안,The first draft of the essay needs a lot of revision.,에세이의 초안은 많은 수정이 필요하다.
revise,v.,"수정하다, 개정하다",The author had to revise the ending before the book could be published.,작가는 책이 출판되기 전에 결말을 수정해야 했다.
edit,v.,편집하다,The magazine editor decided to edit out the controversial paragraph.,잡지 편집장은 논란이 되는 단락을 편집해 빼기로 결정했다.
publish,v.,"출판하다, 발행하다",The academic journal will publish her research next month.,그 학술지는 다음 달에 그녀의 연구를 출판할 것이다.
copyright,n.,저작권,You must obtain permission to use images protected by copyright.,저작권으로 보호되는 이미지를 사용하려면 허가를 받아야 한다.
royalty,n.,"인세, 저작권 사용료",The author receives a 10% royalty on every book sold.,작가는 판매되는 모든 책에 대해 10%의 인세를 받는다.
plagiarism,n.,표절,The journalist was fired after being accused of plagiarism.,그 언론인은 표절 혐의를 받은 후 해고되었다.
