한자,부수와 형성원리,훈음,한자 단어,한자 단어 독음,급수 난이도
佳,人(사람인) / 형성,아름다울 가,"佳約, 佳人, 佳作","가약, 가인, 가작",3급
假,人(사람인) / 형성,거짓 가,"假定, 假面, 假說","가정, 가면, 가설",4급
價,人(사람인) / 형성,값 가,"價格, 評價, 價値","가격, 평가, 가치",5급
加,力(힘력) / 회의,더할 가,"加入, 增加, 追加","가입, 증가, 추가",5급
可,口(입구) / 회의,옳을 가,"可能, 許可, 不可","가능, 허가, 불가",5급
嘉,口(입구) / 형성,아름다울 가,"嘉賓, 嘉節, 嘉賞","가빈, 가절, 가상",3급
嫁,女(계집녀) / 형성,시집갈 가,"出嫁, 嫁娶, 轉嫁","출가, 가취, 전가",3급
暇,日(날일) / 형성,겨를 가,"休暇, 餘暇, 閑暇","휴가, 여가, 한가",4급
架,木(나무목) / 형성,시렁 가,"十字架, 架橋, 書架","십자가, 가교, 서가",3급
刻,刀(칼도) / 형성,새길 각,"彫刻, 時刻, 深刻","조각, 시각, 심각",4급
却,卩(병부절) / 회의,물리칠 각,"退却, 棄却, 忘却","퇴각, 기각, 망각",3급
覺,見(볼견) / 형성,깨달을 각,"感覺, 覺悟, 視覺","감각, 각오, 시각",4급
閣,門(문문) / 형성,집 각,"樓閣, 內閣, 閣下","누각, 내각, 각하",4급
懇,心(마음심) / 형성,간절할 간,"懇切, 懇求, 懇願","간절, 간구, 간원",3급
勘,力(힘력) / 형성,헤아릴 감,"勘案, 勘定, 推勘","감안, 감정, 추감",2급
堪,土(흙토) / 형성,견딜 감,"堪耐, 堪當, 不堪","감내, 감당, 불감",3급
憾,心(마음심) / 형성,섭섭할 감,"遺憾, 哀憾, 憾恨","유감, 애감, 감한",3급
匣,匚(상자방) / 형성,상자 갑,"鐵匣, 寶匣, 裝匣","철갑, 보갑, 장갑",3급
甲,田(밭전) / 상형,갑옷 갑,"甲種, 甲板, 龜甲","갑종, 갑판, 귀갑",4급
疆,土(흙토) / 형성,지경 강,"疆土, 疆域, 邊疆","강토, 강역, 변강",3급
箇,竹(대죽) / 형성,낱 개,"箇所, 箇條, 箇箇","개소, 개조, 개개",4급
坑,土(흙토) / 형성,구덩이 갱,"坑道, 炭坑, 金坑","갱도, 탄갱, 금갱",3급
巨,工(장인공) / 상형,클 거,"巨大, 巨額, 巨人","거대, 거액, 거인",5급
拒,手(손수) / 형성,막을 거,"拒絶, 拒否, 抗拒","거절, 거부, 항거",4급
據,手(손수) / 형성,근거 거,"根據, 證據, 占據","근거, 증거, 점거",4급
距,足(발족) / 형성,떨어질 거,"距離, 遠距, 等距","거리, 원거, 등거",4급
乾,乙(새을) / 회의,"하늘 건, 마를 건","乾燥, 乾杯, 乾布","건조, 건배, 건포",4급
健,人(사람인) / 형성,굳셀 건,"健康, 健全, 保健","건강, 건전, 보건",5급
建,廴(민책받침) / 회의,세울 건,"建築, 建設, 建立","건축, 건설, 건립",6급
乞,乙(새을) / 형성,빌 걸,"乞人, 哀乞, 乞食","걸인, 애걸, 걸식",3급
傑,人(사람인) / 형성,뛰어날 걸,"傑作, 豪傑, 英傑","걸작, 호걸, 영걸",3급
儉,人(사람인) / 형성,검소할 검,"儉素, 勤儉, 節儉","검소, 근검, 절검",4급
劍,刀(칼도) / 형성,칼 검,"劍術, 劍客, 寶劍","검술, 검객, 보검",3급
檢,木(나무목) / 형성,검사할 검,"檢査, 檢討, 檢閱","검사, 검토, 검열",4급
憩,心(마음심) / 회의,쉴 게,"休憩, 憩室, 休憩所","휴게, 게실, 휴게소",3급
境,土(흙토) / 형성,지경 경,"境界, 環境, 國境","경계, 환경, 국경",4급
鏡,金(쇠금) / 형성,거울 경,"眼鏡, 鏡臺, 望遠鏡","안경, 경대, 망원경",4급
頃,頁(머리혈) / 회의,"밭도둑 경, 무렵 경","頃刻, 昨頃, 近頃","경각, 작경, 근경",3급
警,言(말씀언) / 형성,경계할 경,"警察, 警告, 警戒","경찰, 경고, 경계",4급
傾,人(사람인) / 형성,기울 경,"傾向, 傾斜, 傾聽","경향, 경사, 경청",4급
硬,石(돌석) / 형성,굳을 경,"硬直, 强硬, 硬度","경직, 강경, 경도",4급
徑,彳(조금걸을척) / 형성,지름길 경,"直徑, 半徑, 捷徑","직경, 반경, 첩경",3급
卿,卩(병부절) / 회의,벼슬 경,"公卿, 卿相, 貴卿","공경, 경상, 귀경",3급
啓,口(입구) / 회의,열 계,"啓蒙, 啓發, 啓示","계몽, 계발, 계시",3급
繫,糸(실사) / 형성,맬 계,"繫留, 連繫, 繫辭","계류, 연계, 계사",3급
契,大(큰대) / 회의,맺을 계,"契約, 契機, 契印","계약, 계기, 계인",4급
階,阜(언덕부) / 형성,섬돌 계,"階段, 階級, 階層","계단, 계급, 계층",5급
季,子(아들자) / 회의,계절 계,"季節, 四季, 季刊","계절, 사계, 계간",5급
戒,戈(창과) / 회의,경계할 계,"警戒, 訓戒, 戒律","경계, 훈계, 계율",4급
桂,木(나무목) / 형성,계수나무 계,"桂冠, 桂皮, 桂樹","계관, 계피, 계수",3급
械,木(나무목) / 형성,기계 계,"機械, 器械, 兵械","기계, 기계, 병계",5급
繼,糸(실사) / 형성,이을 계,"繼續, 繼承, 中繼","계속, 계승, 중계",4급
叩,口(입구) / 형성,두드릴 고,"叩頭, 叩問, 叩門","고두, 고문, 고문",2급
稿,禾(벼화) / 형성,원고 고,"原稿, 投稿, 草稿","원고, 투고, 초고",3급
郭,邑(고을읍) / 형성,둘레 곽,"外郭, 城郭, 輪郭","외곽, 성곽, 윤곽",3급
礦,石(돌석) / 형성,쇳돌 광,"礦山, 礦物, 炭礦","광산, 광물, 탄광",4급
狂,犬(개견) / 형성,미칠 광,"狂氣, 狂信, 狂奔","광기, 광신, 광분",3급
掛,手(손수) / 형성,걸 괘,"掛圖, 掛鐘, 懸掛","괘도, 괘종, 현괘",3급
塊,土(흙토) / 형성,덩어리 괴,"金塊, 土塊, 氷塊","금괴, 토괴, 빙괴",3급
愧,心(마음심) / 형성,부끄러울 괴,"慙愧, 羞愧, 無愧","참괴, 수괴, 무괴",3급
怪,心(마음심) / 형성,기이할 괴,"奇怪, 怪物, 怪談","기괴, 괴물, 괴담",3급
壞,土(흙토) / 형성,무너질 괴,"破壞, 崩壞, 壞滅","파괴, 붕괴, 괴멸",3급
巧,工(장인공) / 형성,공교로울 교,"精巧, 巧妙, 技巧","정교, 교묘, 기교",3급
矯,矢(화살시) / 형성,바로잡을 교,"矯正, 矯導, 矯激","교정, 교도, 교격",3급
較,車(수레차) / 형성,견줄 교,"比較, 較差, 較正","비교, 교차, 교정",4급
郊,邑(고을읍) / 형성,들 교,"近郊, 郊外, 郊野","근교, 교외, 교야",4급
丘,一(한일) / 상형,언덕 구,"丘陵, 砂丘, 丘墓","구릉, 사구, 구묘",3급
俱,人(사람인) / 형성,함께 구,"俱樂部, 俱全","구락부, 구전",3급
具,八(여덟팔) / 회의,갖출 구,"具體, 道具, 器具","구체, 도구, 기구",5급
區,匚(상자방) / 회의,구분할 구,"區分, 區域, 區別","구분, 구역, 구별",6급
狗,犬(개견) / 형성,개 구,"走狗, 獵狗, 鬪狗","주구, 엽구, 투구",3급
拘,手(손수) / 형성,잡을 구,"拘束, 拘留, 拘引","구속, 구류, 구인",4급
究,穴(구멍혈) / 형성,연구할 구,"硏究, 究明, 探究","연구, 구명, 탐구",5급
購,貝(조개패) / 형성,살 구,"購買, 購讀, 共同購買","구매, 구독, 공동구매",3급
苟,艸(풀초) / 형성,진실로 구,"苟安, 苟且, 苟免","구안, 구차, 구면",3급
驅,馬(말마) / 형성,몰 구,"驅逐, 驅使, 先驅","구축, 구사, 선구",3급
龜,龜(거북귀) / 상형,거북 귀,"龜甲, 龜鑑, 龜裂","귀갑, 귀감, 균열",3급
救,攴(칠복) / 형성,구원할 구,"救護, 救助, 救援","구호, 구조, 구원",5급
懼,心(마음심) / 형성,두려워할 구,"恐懼, 危懼, 悚懼","공구, 위구, 송구",3급
舊,臼(절구구) / 회의,예 구,"舊式, 新舊, 復舊","구식, 신구, 복구",5급
局,尸(주검시) / 회의,판 국,"結局, 郵便局, 局長","결국, 우편국, 국장",5급
菊,艸(풀초) / 형성,국화 국,"菊花, 野菊, 春菊","국화, 야국, 춘국",3급
鞠,革(가죽혁) / 형성,국문할 국,"鞠問, 蹴鞠, 鞠躬","국문, 축국, 국궁",3급
君,口(입구) / 회의,임금 군,"君主, 暴君, 君臣","군주, 폭군, 군신",5급
群,羊(양양) / 형성,무리 군,"群衆, 群島, 拔群","군중, 군도, 발군",4급
屈,尸(주검시) / 회의,굽을 굴,"屈辱, 屈服, 屈折","굴욕, 굴복, 굴절",4급
掘,手(손수) / 형성,팔 굴,"發掘, 採掘, 掘鑿","발굴, 채굴, 굴착",3급
宮,宀(집면) / 상형,집 궁,"王宮, 宮殿, 迷宮","왕궁, 궁전, 미궁",5급
窮,穴(구멍혈) / 형성,다할 궁,"窮乏, 貧窮, 窮地","궁핍, 빈궁, 궁지",3급
勸,力(힘력) / 형성,권할 권,"勸告, 勸勉, 勸善懲惡","권고, 권면, 권선징악",4급
券,刀(칼도) / 회의,문서 권,"證券, 乘車券, 入場券","증권, 승차권, 입장권",4급
拳,手(손수) / 형성,주먹 권,"拳鬪, 鐵拳, 徒手空拳","권투, 철권, 도수공권",3급
權,木(나무목) / 형성,권세 권,"權力, 權利, 人權","권력, 권리, 인권",5급
眷,目(눈목) / 형성,돌아볼 권,"眷屬, 眷顧, 家眷","권속, 권고, 가권",3급
厥,厂(민엄호) / 형성,그 궐,"厥女, 厥後, 厥者","궐녀, 궐후, 궐자",3급
軌,車(수레차) / 형성,바퀴자국 궤,"軌道, 軌跡, 常軌","궤도, 궤적, 상궤",3급
鬼,鬼(귀신귀) / 상형,귀신 귀,"鬼神, 惡鬼, 餓鬼","귀신, 악귀, 아귀",4급
歸,止(그칠지) / 회의,돌아갈 귀,"復歸, 歸國, 歸鄕","복귀, 귀국, 귀향",5급
貴,貝(조개패) / 형성,귀할 귀,"貴重, 貴族, 尊貴","귀중, 귀족, 존귀",5급
叫,口(입구) / 형성,부르짖을 규,"絶叫, 叫喚, 阿鼻叫喚","절규, 규환, 아비규환",3급
糾,糸(실사) / 회의,얽힐 규,"糾彈, 糾合, 糾明","규탄, 규합, 규명",3급
規,見(볼견) / 회의,법 규,"規則, 規模, 規定","규칙, 규모, 규정",5급
均,土(흙토) / 형성,고를 균,"均等, 均衡, 平均","균등, 균형, 평균",5급
菌,艸(풀초) / 형성,버섯 균,"細菌, 殺菌, 滅菌","세균, 살균, 멸균",4급
極,木(나무목) / 형성,다할 극,"極端, 究極, 南極","극단, 구극, 남극",5급
劇,刀(칼도) / 형성,심할 극,"演劇, 悲劇, 劇的","연극, 비극, 극적",4급
克,儿(어진사람인발) / 회의,이길 극,"克服, 克己, 相克","극복, 극기, 상극",4급
級,糸(실사) / 형성,등급 급,"階級, 高級, 進級","계급, 고급, 진급",6급
扱,手(손수) / 형성,취급할 취,"取扱, 階扱","취급, 계급",3급
企,人(사람인) / 회의,꾀할 기,"企業, 企劃, 企圖","기업, 기획, 기도",4급
伎,人(사람인) / 형성,재주 기,"伎倆, 演技, 巧伎","기량, 연기, 교기",3급
奇,大(큰대) / 회의,기이할 기,"奇異, 奇蹟, 奇妙","기이, 기적, 기묘",4급
寄,宀(집면) / 형성,부칠 기,"寄附, 寄生, 寄稿","기부, 기생, 기고",4급
忌,心(마음심) / 형성,꺼릴 기,"禁忌, 忌避, 忌日","금기, 기피, 기일",3급
旗,方(모방) / 형성,깃발 기,"國旗, 旗手, 半旗","국기, 기수, 반기",4급
欺,欠(하품흠) / 형성,속일 기,"詐欺, 欺瞞, 欺罔","사기, 기만, 기망",3급
畿,田(밭전) / 형성,경기 기,"京畿, 畿湖, 畿甸","경기, 기호, 기전",3급
祈,示(보일시) / 형성,빌 기,"祈禱, 祈願, 祈求","기도, 기원, 기구",3급
紀,糸(실사) / 형성,벼리 기,"紀元, 紀行文, 世紀","기원, 기행문, 세기",4급
緊,糸(실사) / 형성,얽을 긴,"緊急, 緊密, 緊張","긴급, 긴밀, 긴장",4급
棄,木(나무목) / 회의,버릴 기,"抛棄, 廢棄, 遺棄","포기, 폐기, 유기",4급
飢,食(밥식) / 형성,주릴 기,"飢餓, 飢渴, 飢饉","기아, 기갈, 기근",3급
騎,馬(말마) / 형성,말탈 기,"騎兵, 騎士, 騎馬","기병, 기사, 기마",3급
喫,口(입구) / 형성,마실 끽,"喫煙, 喫茶, 滿喫","흡연, 끽다, 만끽",3급
那,邑(고을읍) / 형성,어찌 나,"刹那, 那邊, 那畔","찰나, 나변, 나반",3급
諾,言(말씀언) / 형성,허락할 낙,"許諾, 承諾, 受諾","허락, 승낙, 수락",4급
暖,日(날일) / 형성,따뜻할 난,"溫暖, 暖房, 暖流","온난, 난방, 난류",4급
難,隹(새추) / 형성,어려울 난,"困難, 難解, 難關","곤란, 난해, 난관",4급
捏,手(손수) / 형성,이길 날,"捏造, 捏合, 捏揑","날조, 날합, 날일",3급
納,糸(실사) / 형성,바칠 납,"納品, 納稅, 收納","납품, 납세, 수납",4급
娘,女(계집녀) / 형성,아가씨 낭,"娘子, 姑娘, 新娘","낭자, 고낭, 신낭",3급
乃,丿(삐침별) / 상형,이에 내,"乃至, 乃父, 乃今","내지, 내부, 내금",3급
耐,而(말이을이) / 회의,견딜 내,"忍耐, 耐久性, 耐熱","인내, 내구성, 내열",4급
寧,宀(집면) / 회의,편안할 녕,"安寧, 寧日, 丁寧","안녕, 녕일, 정녕",3급
努,力(힘력) / 형성,힘쓸 노,"努力, 奮努, 努勉","노력, 분노, 노면",5급
奴,女(계집녀) / 회의,종 노,"奴隷, 奴婢, 守錢奴","노예, 노비, 수전노",3급
怒,心(마음심) / 형성,성낼 노,"憤怒, 激怒, 喜怒哀樂","분노, 격노, 희노애락",4급
腦,肉(고기육) / 형성,골 뇌,"腦裏, 頭腦, 腦波","뇌리, 두뇌, 뇌파",4급
尿,尸(주검시) / 형성,오줌 뇨,"尿道, 糖尿, 泌尿器","요도, 당뇨, 비뇨기",3급
泥,水(물수) / 형성,진흙 니,"泥土, 泥水, 泥沼","이토, 이수, 이소",3급
妥,女(계집녀) / 회의,온당할 타,"妥協, 妥當, 妥結","타협, 타당, 타결",3급
惰,心(마음심) / 형성,게으를 타,"惰性, 怠惰, 惰弱","타성, 태타, 타약",3급
擔,手(손수) / 형성,멜 담,"擔當, 負擔, 擔任","담당, 부담, 담임",4급
膽,肉(고기육) / 형성,쓸개 담,"膽力, 膽略, 落膽","담력, 담략, 낙담",3급
沓,水(물수) / 회의,논 답,"水沓, 沓畓, 踏沓","수답, 답답, 답답",3급
殆,歹(죽을사변) / 형성,거의 태,"殆半, 危殆, 殆盡","태반, 위태, 태진",3급
逮,辵(쉬엄쉬엄갈착) / 형성,미칠 체,"逮捕, 逮繫, 逮及","체포, 체계, 체급",3급
陶,阜(언덕부) / 형성,질그릇 도,"陶磁器, 陶工, 陶冶","도자기, 도공, 도야",3급
蹈,足(발족) / 형성,밟을 도,"踏蹈, 舞蹈, 舞蹈","답도, 무도, 무도",3급
鈍,金(쇠금) / 형성,둔할 둔,"鈍感, 愚鈍, 鈍角","둔감, 우둔, 둔각",3급
騰,馬(말마) / 형성,오를 등,"暴騰, 沸騰, 高騰","폭등, 비등, 고등",4급
羅,网(그물망) / 회의,벌일 라,"羅針盤, 網羅, 新羅","나침반, 망라, 신라",4급
洛,水(물수) / 형성,강이름 락,"洛東江, 洛陽, 洛水","낙동강, 낙양, 낙수",3급
絡,糸(실사) / 형성,이을 락,"連絡, 脈絡, 經絡","연락, 맥락, 경락",4급
落,艸(풀초) / 형성,떨어질 락,"落葉, 墜落, 脫落","낙엽, 추락, 탈락",5급
卵,卩(병부절) / 상형,알 란,"鷄卵, 産卵, 卵巢","계란, 산란, 난소",4급
亂,乙(새을) / 회의,어지러울 란,"混亂, 反亂, 亂暴","혼란, 반란, 난폭",4급
欄,木(나무목) / 형성,난간 란,"空欄, 欄干, 欄外","공란, 난간, 난외",3급
蘭,艸(풀초) / 형성,난초 란,"蘭草, 芝蘭, 芬蘭","난초, 지란, 분란",3급
濫,水(물수) / 형성,넘칠 람,"濫用, 汎濫, 濫發","남용, 범람, 남발",3급
覽,見(볼견) / 회의,볼 람,"觀覽, 展覽, 閱覽","관람, 전람, 열람",4급
勵,力(힘력) / 형성,힘쓸 려,"激勵, 奬勵, 勉勵","격려, 장려, 면려",4급
慮,心(마음심) / 형성,생각할 려,"考慮, 憂慮, 遠慮","고려, 우려, 원려",4급
麗,鹿(사슴록) / 상형,고울 려,"美麗, 秀麗, 高麗","미려, 수려, 고려",4급
廉,广(엄호) / 형성,청렴할 렴,"淸廉, 廉恥, 廉潔","청렴, 염치, 염결",3급
斂,攴(칠복) / 형성,거둘 렴,"收斂, 斂取, 苛斂誅求","수렴, 염취, 가렴주구",3급
獵,犬(개견) / 형성,사냥 렵,"狩獵, 獵銃, 獵犬","수렵, 엽총, 엽견",3급
嶺,山(뫼산) / 형성,재 령,"大關嶺, 嶺南, 峻嶺","대관령, 영남, 준령",3급
零,雨(비우) / 형성,떨어질 령,"零下, 零點, 零星","영하, 영점, 영성",3급
靈,雨(비우) / 형성,신령 령,"靈魂, 神靈, 幽靈","영혼, 신령, 유령",3급
禮,示(보일시) / 형성,예도 례,"禮儀, 無禮, 失禮","예의, 무례, 실례",6급
隷,隶(미칠이) / 회의,종 례,"奴隷, 隷屬, 隷書","노예, 예속, 예서",3급
露,雨(비우) / 형성,이슬 로,"露宿, 露出, 暴露","노숙, 노출, 폭로",4급
魯,魚(고기어) / 회의,미련할 노,"魯鈍, 魯莽, 魯國","노둔, 노망, 노국",3급
爐,火(불화) / 형성,화로 로,"暖爐, 鎔爐, 爐邊","난로, 용로, 노변",3급
勞,力(힘력) / 회의,수고할 로,"勞動, 疲勞, 苦勞","노동, 피로, 고로",6급
錄,金(쇠금) / 형성,기록할 록,"記錄, 登錄, 附錄","기록, 등록, 부록",5급
鹿,鹿(사슴록) / 상형,사슴 록,"鹿茸, 鹿角, 鹿鳴","녹용, 녹각, 녹명",3급
論,言(말씀언) / 형성,논할 론,"結論, 議論, 論文","결론, 의론, 논문",5급
弄,廾(스무입발) / 회의,희롱할 롱,"愚弄, 弄談, 嘲弄","우롱, 농담, 조롱",3급
賴,貝(조개패) / 형성,의지할 뢰,"依賴, 依賴人, 信賴","의뢰, 의뢰인, 신뢰",4급
雷,雨(비우) / 형성,우레 뢰,"雷雨, 落雷, 地雷","뇌우, 낙뢰, 지뢰",3급
了,亅(갈고리궐) / 상형,마칠 료,"完了, 終了, 魅了","완료, 종료, 매료",4급
僚,人(사람인) / 형성,동료 료,"同僚, 官僚, 僚屬","동료, 관료, 요속",4급
療,疒(병질엄) / 형성,치료할 료,"治療, 醫療, 療養","치료, 의료, 요양",4급
寮,宀(집면) / 회의,벼슬아치 료,"官寮, 寮舍, 寮房","관료, 요사, 요방",3급
陵,阜(언덕부) / 형성,언덕 릉,"丘陵, 陵墓, 廣列陵","구릉, 능묘, 광렬릉",3급
履,尸(주검시) / 형성,밟을 리,"履歷, 履行, 履修","이력, 이행, 이수",3급
離,隹(새추) / 형성,떠날 리,"分離, 離別, 距離","분리, 이별, 거리",4급
吏,口(입구) / 회의,벼슬아치 리,"官吏, 貪官汚吏, 吏讀","관리, 탐관오리, 이두",3급
厘,厂(민엄호) / 회의,다스릴 리,"厘正, 厘定, 毫厘","이정, 이정, 호리",3급
俚,人(사람인) / 형성,속될 리,"俚言, 俚俗, 俚謠","이언, 이속, 이요",3급
硫,石(돌석) / 형성,유황 류,"硫黃, 硫酸, 硫化","유황, 황산, 유화",3급
隆,阜(언덕부) / 형성,높을 륭,"隆盛, 興隆, 隆起","융성, 흥륭, 융기",3급
輪,車(수레차) / 형성,바퀴 륜,"車輪, 輪郭, 二輪","차륜, 윤곽, 이륜",4급
律,彳(조금걸을척) / 형성,법칙 률,"法律, 規律, 旋律","법률, 규율, 선율",5급
栗,木(나무목) / 형성,밤 률,"栗子, 栗木, 栗粉","율자, 율목, 율분",3급
率,玄(검을현) / 회의,"비율 률, 거느릴 솔","比率, 確率, 率直","비율, 확률, 솔직",5급
麻,麻(삼마) / 회의,삼 마,"麻藥, 痲醉, 胡麻","마약, 마취, 호마",4급
磨,石(돌석) / 형성,갈 마,"硏磨, 磨滅, 磨擦","연마, 마멸, 마찰",3급
瑪,玉(구슬옥) / 형성,마노 마,"瑪瑙, 瑪瑙石","마노, 마노석",3급
幕,巾(수건건) / 형성,막 막,"開幕, 閉幕, 字幕","개막, 폐막, 자막",4급
漠,水(물수) / 형성,사막 막,"砂漠, 漠然, 索漠","사막, 막연, 삭막",3급
漫,水(물수) / 형성,흩어질 만,"漫畵, 散漫, 浪漫","만화, 산만, 낭만",3급
慢,心(마음심) / 형성,거만할 만,"傲慢, 自慢, 怠慢","오만, 자만, 태만",4급
晩,日(날일) / 형성,늦을 만,"晩年, 晩秋, 晩餐","만년, 만추, 만찬",4급
網,网(그물망) / 형성,그물 망,"通信網, 網羅, 放送網","통신망, 망라, 방송망",4급
茫,艸(풀초) / 형성,아득할 망,"茫茫, 茫然, 蒼茫","망망, 망연, 창망",3급
埋,土(흙토) / 형성,묻을 매,"埋葬, 埋沒, 埋立","매장, 매몰, 매립",3급
媒,女(계집녀) / 형성,중매 매,"媒體, 媒介, 媒酌","매체, 매개, 매작",4급
魅,鬼(귀신귀) / 형성,도깨비 매,"魅力, 魅惑, 魑魅","매력, 매혹, 치매",3급
麥,麥(보리맥) / 상형,보리 맥,"小麥, 大麥, 麥芽","소맥, 대맥, 맥아",4급
脈,肉(고기육) / 형성,맥 맥,"脈絡, 山脈, 文脈","맥락, 산맥, 문맥",4급
免,儿(어진사람인발) / 회의,면할 면,"免除, 罷免, 御免","면제, 파면, 어면",5급
眠,目(눈목) / 형성,잘 면,"睡眠, 冬眠, 永眠","수면, 동면, 영면",4급
綿,糸(실사) / 형성,솜 면,"綿布, 綿密, 木綿","면포, 면밀, 목면",3급
滅,水(물수) / 형성,멸할 멸,"滅亡, 破滅, 絶滅","멸망, 파멸, 절멸",4급
冥,冖(민갓머리) / 회의,어두울 명,"冥福, 冥界, 幽冥","명복, 명계, 유명",3급
銘,金(쇠금) / 형성,새길 명,"銘心, 感銘, 銘記","명심, 감명, 명기",3급
沒,水(물수) / 회의,빠질 몰,"沒落, 沈沒, 埋沒","몰락, 침몰, 매몰",4급
夢,夕(저녁석) / 형성,꿈 몽,"夢想, 惡夢, 吉夢","몽상, 악몽, 길몽",4급
蒙,艸(풀초) / 형성,"어릴 몽, 입을 몽","啓蒙, 愚蒙, 蒙塵","계몽, 우몽, 몽진",3급
卯,卩(병부절) / 상형,토끼 묘,"卯月, 卯時, 丁卯","묘월, 묘시, 정묘",3급
苗,艸(풀초) / 형성,모 묘,"種苗, 苗木, 苗床","종묘, 묘목, 묘상",3급
戊,戈(창과) / 상형,다섯째 천간 무,"戊申, 戊午, 戊辰","무신, 무오, 무진",3급
茂,艸(풀초) / 형성,우거질 무,"繁茂, 茂盛, 鬱茂","번무, 무성, 울무",3급
霧,雨(비우) / 형성,안개 무,"雲霧, 濃霧, 霧散","운무, 농무, 무산",3급
墨,土(흙토) / 회의,먹 묵,"水墨畵, 筆墨, 墨客","수묵화, 필묵, 묵객",3급
默,黑(검을흑) / 형성,잠잠할 묵,"沈默, 默殺, 默過","침묵, 묵살, 묵과",4급
勿,勹(쌀포) / 상형,말 물,"勿論, 禁勿, 勿退","물론, 금물, 물퇴",4급
尾,尸(주검시) / 상형,꼬리 미,"末尾, 尾行, 交尾","말미, 미행, 교미",4급
迷,辵(쉬엄쉬엄갈착) / 형성,미혹할 미,"迷路, 迷信, 混迷","미로, 미신, 혼미",4급
微,彳(조금걸을척) / 형성,작을 미,"微笑, 微微, 顯微鏡","미소, 미미, 현미경",4급
眉,目(눈목) / 상형,눈썹 미,"眉間, 白眉, 眉目","미간, 백미, 미목",3급
敏,攴(칠복) / 형성,민첩할 민,"敏感, 銳敏, 敏捷","민감, 예민, 민첩",4급
憫,心(마음심) / 형성,불쌍히여길 민,"憐憫, 憫然, 悲憫","연민, 민연, 비민",3급
密,宀(집면) / 형성,빽빽할 밀,"秘密, 密接, 緻密","비밀, 밀접, 치밀",4급
蜜,虫(벌레훼) / 형성,꿀 밀,"蜂蜜, 蜜柑, 蜜月","벌꿀, 밀감, 밀월",3급
朴,木(나무목) / 형성,"순박할 박, 성 박","素朴, 淳朴, 朴氏","소박, 순박, 박씨",4급
泊,水(물수) / 형성,머무를 박,"宿泊, 停泊, 外泊","숙박, 정박, 외박",4급
拍,手(손수) / 형성,칠 박,"拍手, 拍子, 脈拍","박수, 박자, 맥박",4급
迫,辵(쉬엄쉬엄갈착) / 형성,핍박할 박,"迫頭, 壓迫, 脅迫","박두, 압박, 협박",4급
博,十(열십) / 형성,넓을 박,"博士, 博物館, 博識","박사, 박물관, 박식",4급
薄,艸(풀초) / 형성,엷을 박,"薄命, 輕薄, 淺薄","박명, 경박, 천박",4급
盤,皿(그릇명) / 형성,소반 반,"盤石, 盤上, 基盤","반석, 반상, 기반",3급
叛,又(또우) / 회의,배반할 반,"叛逆, 叛亂, 謀叛","반역, 반란, 모반",3급
伴,人(사람인) / 형성,짝 반,"伴侶, 隨伴, 同伴","반려, 수반, 동반",4급
拔,手(손수) / 형성,뺄 발,"拔萃, 拔劍, 選拔","발췌, 발검, 선발",4급
髮,髟(터럭발) / 형성,터럭 발,"毛髮, 白髮, 散髮","모발, 백발, 산발",4급
芳,艸(풀초) / 형성,꽃다울 방,"芳香, 芳名, 流芳","방향, 방명, 유방",3급
傍,人(사람인) / 형성,곁 방,"傍觀, 傍聽, 傍點","방관, 방청, 방점",4급
妨,女(계집녀) / 형성,방해할 방,"妨害, 妨物, 妨礙","방해, 방물, 방애",4급
倣,人(사람인) / 형성,본뜰 방,"模倣, 倣效, 踏倣","모방, 방효, 답방",3급
邦,邑(고을읍) / 형성,나라 방,"友邦, 聯邦, 異邦","우방, 연방, 이방",3급
拜,手(손수) / 회의,절 배,"禮拜, 參拜, 崇拜","예배, 참배, 숭배",4급
杯,木(나무목) / 형성,잔 배,"祝杯, 乾杯, 苦杯","축배, 건배, 고배",4급
倍,人(사람인) / 형성,곱 배,"倍數, 兩倍, 倍加","배수, 양배, 배가",4급
培,土(흙토) / 형성,북돋울 배,"培養, 栽培, 培育","배양, 재배, 배육",3급
排,手(손수) / 형성,밀칠 배,"排除, 排斥, 排氣","배제, 배척, 배기",4급
輩,車(수레차) / 형성,무리 배,"先輩, 後輩, 同輩","선배, 후배, 동배",4급
背,肉(고기육) / 형성,등 배,"背景, 背後, 背信","배경, 배후, 배신",4급
丙,一(한일) / 상형,"남녘 병, 셋째 천간 병","甲乙丙, 丙子, 丙種","갑을병, 병자, 병종",3급
竝,立(설립) / 회의,나란할 병,"竝行, 竝記, 竝立","병행, 병기, 병립",3급
屛,尸(주검시) / 형성,병풍 병,"屛風, 屛障, 圍屛","병풍, 병장, 위병",3급
普,日(날일) / 형성,넓을 보,"普通, 普遍, 普及","보통, 보편, 보급",4급
譜,言(말씀언) / 형성,족보 보,"系譜, 樂譜, 族譜","계보, 악보, 족보",3급
補,衣(옷의) / 형성,"기울 보, 도울 보","補充, 補强, 補助","보충, 보강, 보조",4급
寶,宀(집면) / 회의,보배 보,"寶物, 寶石, 國寶","보물, 보석, 국보",4급
伏,人(사람인) / 회의,엎드릴 복,"降伏, 伏兵, 起伏","항복, 복병, 기복",4급
復,彳(조금걸을척) / 형성,"회복할 복, 다시 부","回復, 復讐, 復活","회복, 복수, 부활",4급
腹,肉(고기육) / 형성,배 복,"腹痛, 空腹, 山腹","복통, 공복, 산복",4급
複,衣(옷의) / 형성,겹칠 복,"複雜, 複數, 複製","복잡, 복수, 복제",4급
卜,卜(점복) / 상형,점 복,"占卜, 吉卜, 卜者","점복, 길복, 복자",3급
覆,襾(덮을아) / 형성,"덮을 복, 뒤집힐 부","顚覆, 反覆, 覆蓋","전복, 반복, 복개",3급
奉,大(큰대) / 회의,받들 봉,"奉仕, 奉獻, 供奉","봉사, 봉헌, 공봉",4급
逢,辵(쉬엄쉬엄갈착) / 형성,만날 봉,"相逢, 逢着, 逢場作戱","상봉, 봉착, 봉장작희",3급
峯,山(뫼산) / 형성,봉우리 봉,"最高峯, 奇巖怪峯, 峯巒","최고봉, 기암괴봉, 봉만",3급
蜂,虫(벌레훼) / 형성,벌 봉,"養蜂, 蜂起, 蜜蜂","양봉, 봉기, 밀봉",3급
封,寸(마디촌) / 회의,봉할 봉,"封建, 封鎖, 密封","봉건, 봉쇄, 밀봉",3급
鳳,鳥(새조) / 형성,봉황새 봉,"鳳凰, 鳳眼, 伏龍鳳雛","봉황, 봉안, 복룡봉추",3급
扶,手(손수) / 형성,도울 부,"扶養, 扶助, 扶掖","부양, 부조, 부액",3급
浮,水(물수) / 형성,뜰 부,"浮動, 浮上, 浮彫","부동, 부상, 부조",4급
紛,糸(실사) / 형성,어지러울 분,"紛爭, 紛糾, 紛失","분쟁, 분규, 분실",3급
粉,米(쌀미) / 형성,가루 분,"粉末, 粉碎, 小麥粉","분말, 분쇄, 소맥분",4급
奔,大(큰대) / 회의,달릴 분,"奔走, 出奔, 奔出","분주, 출분, 분출",3급
墳,土(흙토) / 형성,무덤 분,"古墳, 墳墓, 墳地","고분, 분묘, 분지",3급
憤,心(마음심) / 형성,분할 분,"憤怒, 義憤, 憤慨","분노, 의분, 분개",3급
奮,大(큰대) / 회의,떨칠 분,"奮發, 奮鬪, 興奮","분발, 분투, 흥분",4급
拂,手(손수) / 형성,떨칠 불,"支拂, 拂式, 拂拭","지불, 불식, 불식",3급
批,手(손수) / 형성,"비판할 비, 칠 비","批判, 批評, 批准","비판, 비평, 비준",4급
卑,十(열십) / 회의,낮을 비,"卑賤, 卑劣, 尊卑","비천, 비열, 존비",3급
婢,女(계집녀) / 형성,여자종 비,"奴婢, 侍婢, 官婢","노비, 시비, 관비",3급
碑,石(돌석) / 형성,비석 비,"碑石, 紀念碑, 墓碑","비석, 기념비, 묘비",4급
妃,女(계집녀) / 회의,왕비 비,"王妃, 皇妃, 嬪妃","왕비, 황비, 빈비",3급
肥,肉(고기육) / 회의,살찔 비,"肥滿, 肥料, 肥大","비만, 비료, 비대",4급
祕,示(보일시) / 형성,숨길 비,"祕密, 祕書, 祕法","비밀, 비서, 비법",4급
貧,貝(조개패) / 회의,가난할 빈,"貧困, 貧民, 貧富","빈곤, 빈민, 빈부",4급
賓,貝(조개패) / 형성,손 빈,"來賓, 賓客, 國賓","내빈, 빈객, 국빈",4급
頻,頁(머리혈) / 형성,자주 빈,"頻繁, 頻度, 頻發","빈번, 빈도, 빈발",3급
仕,人(사람인) / 형성,벼슬할 사,"奉仕, 仕官, 奉仕活動","봉사, 사관, 봉사활동",4급
詞,言(말씀언) / 형성,말씀 사,"歌詞, 品詞, 作詞","가사, 품사, 작사",4급
査,木(나무목) / 형성,조사할 사,"調査, 檢査, 審査","조사, 검사, 심사",5급
辭,辛(매울신) / 형성,"말씀 사, 사양할 사","辭典, 辭任, 修辭","사전, 사임, 수사",4급
絲,糸(실사) / 상형,실 사,"明紬絲, 絲竹, 紡績絲","명주사, 사죽, 방적사",3급
詐,言(말씀언) / 형성,속일 사,"詐欺, 詐稱, 詐僞","사기, 사칭, 사위",3급
賜,貝(조개패) / 형성,줄 사,"下賜, 恩賜, 賜藥","하사, 은사, 사약",3급
舍,舌(혀설) / 상형,집 사,"宿舍, 官舍, 田舍","숙사, 관사, 전사",4급
寫,宀(집면) / 형성,베낄 사,"寫眞, 描寫, 寫生","사진, 묘사, 사생",5급
射,寸(마디촌) / 회의,쏠 사,"注射, 射擊, 反射","주사, 사격, 반사",4급
謝,言(말씀언) / 형성,사례할 사,"感謝, 謝罪, 謝恩","감사, 사죄, 사은",4급
酸,酉(닭유) / 형성,실 산,"酸素, 酸化, 炭酸","산소, 산화, 탄산",4급
散,攴(칠복) / 회의,흩을 산,"散步, 分散, 解散","산보, 분산, 해산",4급
傘,人(사람인) / 상형,우산 산,"雨傘, 傘下, 落下傘","우산, 산하, 낙하산",3급
殺,殳(갖은등글월문) / 형성,"죽일 살, 감할 쇄","殺人, 殺害, 相殺","살인, 살해, 상쇄",4급
薩,艸(풀초) / 형성,보살 살,"菩薩, 摩擦, 薩摩","보살, 마찰, 살마",3급
尙,小(작을소) / 회의,오히려 상,"和尙, 尙古, 崇尙","화상, 상고, 숭상",3급
霜,雨(비우) / 형성,서리 상,"星霜, 霜降, 雪上加霜","성상, 상강, 설상가상",3급
傷,人(사람인) / 형성,다칠 상,"傷害, 負傷, 重傷","상해, 부상, 중상",4급
喪,口(입구) / 회의,"잃을 상, 죽을 상","喪失, 哀喪, 喪家","상실, 애상, 상가",4급
狀,犬(개견) / 형성,"형상 상, 문서 장","狀態, 賞狀, 白紙委任狀","상태, 상장, 백지위임장",4급
床,广(엄호) / 형성,평상 상,"病床, 起床, 溫床","병상, 기상, 온상",3급
箱,竹(대죽) / 형성,상자 상,"箱子, 郵便箱, 本箱","상자, 우편상, 본상",3급
嘗,口(입구) / 형성,맛볼 상,"嘗膽, 嘗試, 未嘗","상담, 상시, 미상",3급
索,糸(실사) / 회의,"찾을 색, 노 삭","探索, 索道, 檢索","탐색, 삭도, 검색",4급
牲,牛(소우) / 형성,희생 생,"犧牲, 犧牲羊, 牲畜","희생, 희생양, 생축",3급
序,广(엄호) / 형성,차례 서,"順序, 秩序, 序文","순서, 질서, 서문",5급
敍,攴(칠복) / 형성,펼 서,"敍述, 敍事, 敍情","서술, 서사, 서정",3급
庶,广(엄호) / 회의,여러 서,"庶民, 庶務, 庶子","서민, 서무, 서자",3급
緖,糸(실사) / 형성,실마리 서,"端緖, 由緖, 情緖","단서, 유래, 정서",3급
署,网(그물망) / 회의,"마을 서, 관청 서","警察署, 消防署, 署名","경찰서, 소방서, 서명",4급
逝,辵(쉬엄쉬엄갈착) / 형성,갈 서,"逝去, 逝世, 逝川","서거, 서세, 서천",3급
誓,言(말씀언) / 형성,맹세할 서,"誓約, 盟誓, 宣誓","서약, 맹세, 선서",3급
釋,釆(분별할변) / 회의,풀 석,"解釋, 註釋, 釋放","해석, 주석, 석방",4급
席,广(엄호) / 회의,자리 석,"座席, 出席, 客席","좌석, 출석, 객석",6급
惜,心(마음심) / 형성,아낄 석,"愛惜, 哀惜, 痛惜","애석, 애석, 통석",3급
昔,日(날일) / 회의,예 석,"昔日, 往昔, 今昔","석일, 왕석, 금석",3급
仙,人(사람인) / 회의,신선 선,"神仙, 仙女, 仙人","신선, 선녀, 선인",4급
扇,戶(지게호) / 형성,부채 선,"扇風機, 團扇, 鐵扇","선풍기, 단선, 철선",3급
宣,宀(집면) / 회의,베풀 선,"宣言, 宣誓, 宣傳","선언, 선서, 선전",4급
旋,方(모방) / 회의,돌 선,"旋風, 凱旋, 旋律","선풍, 개선, 선율",3급
禪,示(보일시) / 형성,선 선,"參禪, 座禪, 禪宗","참선, 좌선, 선종",3급
舌,舌(혀설) / 상형,혀 설,"毒舌, 舌戰, 舌端","독설, 설전, 설단",3급
設,言(말씀언) / 회의,베풀 설,"建設, 設立, 施設","건설, 설립, 시설",5급
涉,水(물수) / 형성,건널 섭,"干涉, 交涉, 涉獵","간섭, 교섭, 섭렵",3급
攝,手(손수) / 형성,당길 섭,"攝取, 攝政, 包攝","섭취, 섭정, 포섭",3급
城,土(흙토) / 형성,성 성,"城郭, 都城, 萬里長城","성곽, 도성, 만리장성",5급
盛,皿(그릇명) / 형성,성할 성,"繁盛, 盛大, 全盛期","번성, 성대, 전성기",4급
洗,水(물수) / 형성,씻을 세,"洗手, 洗濯, 洗禮","세수, 세탁, 세례",5급
稅,禾(벼화) / 형성,세금 세,"稅金, 免稅, 關稅","세금, 면세, 관세",4급
訴,言(말씀언) / 형성,호소할 소,"訴訟, 告訴, 訴願","소송, 고소, 소원",4급
掃,手(손수) / 형성,쓸 소,"掃除, 淸掃, 一掃","소제, 청소, 일소",4급
蘇,艸(풀초) / 형성,깨어날 소,"蘇生, 蘇州, 屠蘇酒","소생, 소주, 도소주",3급
俗,人(사람인) / 형성,풍속 속,"民俗, 俗談, 風俗","민속, 속담, 풍속",4급
屬,尸(주검시) / 형성,"무리 속, 속할 속","金屬, 所屬, 附屬","금속, 소속, 부속",4급
損,手(손수) / 형성,덜 손,"損害, 損失, 破損","손해, 손실, 파손",4급
松,木(나무목) / 형성,소나무 송,"松林, 靑松, 赤松","송림, 청송, 적송",4급
頌,頁(머리혈) / 형성,기릴 송,"頌德碑, 頌歌, 讚頌","송덕비, 송가, 찬송",3급
訟,言(말씀언) / 형성,송사할 송,"訴訟, 爭訟, 訟事","소송, 쟁송, 송사",3급
刷,刀(칼도) / 회의,인쇄할 쇄,"印刷, 刷新, 鎖刷","인쇄, 쇄신, 쇄쇄",4급
愁,心(마음심) / 형성,근심 수,"鄕愁, 哀愁, 愁深","향수, 애수, 수심",3급
壽,士(선비사) / 회의,목숨 수,"壽命, 長壽, 天壽","수명, 장수, 천수",3급
秀,禾(벼화) / 회의,빼어날 수,"優秀, 秀才, 秀麗","우수, 수재, 수려",4급
囚,囗(에운담) / 회의,가둘 수,"囚人, 囚服, 拘囚","수인, 수복, 구수",3급
殊,歹(죽을사변) / 형성,다를 수,"特殊, 殊勳, 殊勝","특수, 수훈, 수승",3급
熟,火(불화) / 회의,익을 숙,"成熟, 熟練, 未熟","성숙, 숙련, 미숙",4급
純,糸(실사) / 형성,순수할 순,"純粹, 單純, 淸純","순수, 단순, 청순",4급
盾,目(눈목) / 상형,방패 순,"矛盾, 防盾, 盾狀","모순, 방순, 순상",3급
脣,肉(고기육) / 형성,입술 순,"脣齒, 下脣, 脣音","순치, 하순, 순음",3급
巡,辵(쉬엄쉬엄갈착) / 형성,돌 순,"巡視, 巡察, 巡廻","순시, 순찰, 순회",3급
旬,日(날일) / 회의,열흘 순,"上旬, 中旬, 下旬","상순, 중순, 하순",3급
殉,歹(죽을사변) / 형성,따라죽을 순,"殉國, 殉敎, 殉職","순국, 순교, 순직",3급
述,辵(쉬엄쉬엄갈착) / 형성,지을 술,"記述, 述語, 著述","기술, 술어, 저술",4급
戌,戈(창과) / 지사,"개 술, 열한째 지지 술","甲戌, 戌時, 庚戌","갑술, 술시, 경술",3급
崇,山(뫼산) / 형성,높을 숭,"崇拜, 崇尙, 尊崇","숭배, 숭상, 존숭",3급
充,儿(어진사람인발) / 형성,채울 충,"充分, 補充, 充實","충분, 보충, 충실",5급
瑟,玉(구슬옥) / 형성,비파 슬,"琴瑟, 瑟瑟, 琴瑟之樂","금슬, 슬슬, 금슬지락",3급
膝,肉(고기육) / 형성,무릎 슬,"膝下, 膝關節, 膝行","슬하, 슬관절, 슬행",3급
拾,手(손수) / 형성,"주울 습, 열 십","拾得, 拾收, 收拾","습득, 습수, 수습",4급
濕,水(물수) / 형성,젖을 습,"濕度, 濕氣, 保濕","습도, 습기, 보습",4급
昇,日(날일) / 형성,오를 승,"上昇, 昇進, 昇降機","상승, 승진, 승강기",4급
僧,人(사람인) / 형성,중 승,"僧侶, 高僧, 佛僧","승려, 고승, 불승",4급
施,方(모방) / 형성,베풀 시,"實施, 施設, 施行","실시, 시설, 시행",4급
是,日(날일) / 회의,옳을 시,"是非, 國是, 或是","시비, 국시, 혹시",4급
識,言(말씀언) / 형성,"알 식, 기록할 지","知識, 認識, 意識","지식, 인식, 의식",5급
飾,食(밥식) / 형성,꾸밀 식,"裝飾, 修飾, 虛飾","장식, 수식, 허식",4급
晨,日(날일) / 형성,새벽 신,"晨朝, 晨星, 昏定晨省","신조, 신성, 혼정신성",3급
伸,人(사람인) / 형성,펼 신,"伸縮, 伸張, 屈伸","신축, 신장, 굴신",4급
愼,心(마음심) / 형성,삼갈 신,"謹愼, 愼重, 愼獨","근신, 신중, 신독",3급
尋,寸(마디촌) / 회의,찾을 심,"尋常, 尋問, 探尋","심상, 심문, 탐심",3급
甚,甘(달감) / 회의,심할 심,"甚大, 激甚, 甚雨","심대, 격심, 심우",3급
亞,二(두이) / 상형,버금 아,"亞細亞, 亞流, 東亞","아세아, 아류, 동아",4급
雅,隹(새추) / 형성,"맑을 아, 바를 아","優雅, 雅言, 雅致","우아, 아언, 아치",3급
餓,食(밥식) / 형성,주릴 아,"飢餓, 餓死, 餓鬼","기아, 아사, 아귀",3급
惡,心(마음심) / 형성,"악할 악, 미워할 오","惡魔, 罪惡, 嫌惡","악마, 죄악, 혐오",5급
握,手(손수) / 형성,쥘 악,"把握, 握手, 掌握","파악, 악수, 장악",3급
眼,目(눈목) / 형성,눈 안,"眼鏡, 眼科, 肉眼","안경, 안과, 육안",4급
顔,頁(머리혈) / 형성,얼굴 안,"顔面, 顔色, 童顔","안면, 안색, 동안",4급
雁,隹(새추) / 형성,기러기 안,"雁書, 雁行, 飛雁","안서, 안행, 비안",3급
謁,言(말씀언) / 형성,아뢸 알,"拜謁, 謁見, 謁廟","배알, 알현, 알묘",3급
暗,日(날일) / 형성,어두울 암,"暗黑, 暗示, 暗記","암흑, 암시, 암기",5급
壓,土(흙토) / 형성,누를 압,"壓力, 壓迫, 抑壓","압력, 압박, 억압",4급
仰,人(사람인) / 회의,우러를 앙,"信仰, 仰慕, 仰望","신앙, 앙모, 앙망",4급
央,大(큰대) / 지사,가운데 앙,"中央, 央視, 夜央","중앙, 앙시, 야앙",4급
殃,歹(죽을사변) / 형성,재앙 앙,"災殃, 殃禍, 餘殃","재앙, 앙화, 여앙",3급
哀,口(입구) / 회의,슬플 애,"哀歡, 悲哀, 哀悼","애환, 비애, 애도",4급
崖,山(뫼산) / 형성,낭떠러지 애,"絶壁斷崖, 崖岸, 懸崖","절벽단애, 애안, 현애",3급
涯,水(물수) / 형성,물가 애,"生涯, 限界, 天涯","생애, 한계, 천애",3급
碍,石(돌석) / 형성,거리낄 애,"障碍, 妨碍, 阻碍","장애, 방애, 조애",3급
額,頁(머리혈) / 형성,"이마 액, 액수 액","金額, 差額, 全額","금액, 차액, 전액",4급
櫻,木(나무목) / 형성,앵두 앵,"櫻花, 櫻桃, 櫻脣","앵화, 앵도, 앵순",3급
惹,心(마음심) / 형성,이끌 야,"惹起, 惹端, 惹草","야기, 야단, 야초",3급
耶,耳(귀이) / 형성,어조사 야,"耶蘇, 耶蘇敎, 莫耶","야소, 야소교, 막야",3급
躍,足(발족) / 형성,뛸 약,"跳躍, 飛躍, 活躍","도약, 비약, 활약",4급
掠,手(손수) / 형성,노략질할 약,"侵掠, 掠奪, 掠取","침략, 약탈, 약취",3급
壤,土(흙토) / 형성,흙 양,"土壤, 平壤, 培養","토양, 평양, 배양",3급
讓,言(말씀언) / 형성,사양할 양,"讓步, 謙讓, 讓渡","양보, 겸양, 양도",4급
釀,酉(닭유) / 형성,빚을 양,"釀造, 釀成, 培養","양조, 양성, 배양",3급
抑,手(손수) / 형성,누를 억,"抑制, 抑壓, 抑留","억제, 억압, 억류",4급
堰,土(흙토) / 형성,방죽 언,"防波堤, 堰堤, 堰塞","방파제, 언제, 언색",3급
嚴,口(입구) / 형성,엄할 엄,"嚴格, 嚴肅, 嚴重","엄격, 엄숙, 엄중",4급
掩,手(손수) / 형성,가릴 엄,"掩護, 掩蔽, 掩埋","엄호, 엄폐, 엄매",3급
予,亅(갈고리궐) / 회의,"나 여, 줄 여","給予, 猶予, 賦予","급여, 유예, 부여",3급
餘,食(밥식) / 형성,남을 여,"餘裕, 餘暇, 餘地","여유, 여가, 여지",4급
亦,亠(돼지해머리) / 지사,또 역,"亦是, 亦然, 亦發","역시, 역연, 역발",3급
役,彳(조금걸을척) / 회의,부릴 역,"役割, 兵役, 勞役","역할, 병역, 노역",4급
疫,疒(병질엄) / 형성,전염병 역,"免疫, 疫病, 檢疫","면역, 역병, 검역",3급
譯,言(말씀언) / 형성,번역할 역,"飜譯, 通譯, 解譯","번역, 통역, 해역",4급
緣,糸(실사) / 형성,인연 연,"因緣, 緣分, 緣故","인연, 연분, 연고",4급
宴,宀(집면) / 회의,잔치 연,"宴會, 祝宴, 饗宴","연회, 축연, 향연",3급
軟,車(수레차) / 형성,연할 연,"軟弱, 柔軟, 軟膏","연약, 유연, 연고",3급
演,水(물수) / 형성,펼 연,"演劇, 演說, 演技","연극, 연설, 연기",5급
燃,火(불화) / 형성,탈 연,"燃料, 燃燒, 可燃性","연료, 연소, 가연성",4급
沿,水(물수) / 형성,물따라갈 연,"沿岸, 沿海, 沿道","연안, 연해, 연도",3급
燕,火(불화) / 상형,제비 연,"燕子, 燕尾服, 燕京","연자, 연미복, 연경",3급
鉛,金(쇠금) / 형성,납 연,"鉛筆, 鉛筆芯, 鉛毒","연필, 연필심, 연독",4급
閱,門(문문) / 회의,볼 열,"閱覽, 檢閱, 閱歷","열람, 검열, 이력",4급
炎,火(불화) / 회의,불꽃 염,"炎暑, 胃炎, 炎天","염서, 위염, 염천",3급
染,木(나무목) / 형성,물들 염,"傳染, 感染, 汚染","전염, 감염, 오염",4급
營,火(불화) / 형성,경영할 영,"經營, 營業, 運營","경영, 영업, 운영",5급
影,彡(터럭삼) / 형성,그림자 영,"影響, 撮影, 幻影","영향, 촬영, 환영",4급
映,日(날일) / 형성,비칠 영,"映畵, 上映, 反映","영화, 상영, 반영",4급
泳,水(물수) / 형성,헤엄칠 영,"水泳, 競泳, 泳法","수영, 경영, 영법",4급
迎,辵(쉬엄쉬엄갈착) / 회의,맞을 영,"歡迎, 迎入, 送迎","환영, 영입, 송영",4급
銳,金(쇠금) / 형성,날카로울 예,"銳敏, 精銳, 銳利","예민, 정예, 예리",3급
譽,言(말씀언) / 형성,기릴 예,"名譽, 榮譽, 聲譽","명예, 영예, 성예",4급
預,頁(머리혈) / 형성,미리 예,"預金, 預約, 預測","예금, 예약, 예측",5급
奧,大(큰대) / 회의,깊을 오,"奧旨, 奧地, 奧妙","오지, 오지, 오묘",3급
傲,人(사람인) / 형성,거만할 오,"傲慢, 驕傲, 傲氣","오만, 교오, 오기",3급
汚,水(물수) / 형성,더러울 오,"汚染, 汚物, 汚名","오염, 오물, 오명",4급
烏,火(불화) / 상형,까마귀 오,"烏合之卒, 烏合, 烏鳥","오합지졸, 오합, 오조",3급
誤,言(말씀언) / 형성,그르칠 오,"誤謬, 誤答, 錯誤","오류, 오답, 착오",4급
獄,犬(개견) / 회의,옥 옥,"監獄, 獄中, 地獄","감옥, 옥중, 지옥",4급
穩,禾(벼화) / 형성,평온할 온,"平穩, 穩健, 穩和","평온, 온건, 온화",3급
擁,手(손수) / 형성,안을 옹,"擁護, 抱擁, 擁立","옹호, 포옹, 옹립",3급
翁,羽(깃우) / 형성,늙은이 옹,"老翁, 漁翁, 翁壻","노옹, 어옹, 옹서",3급
瓦,瓦(기와와) / 상형,기와 와,"瓦斯, 瓦解, 靑瓦臺","와사, 와해, 청와대",3급
臥,臣(신하신) / 회의,누울 와,"臥病, 臥薪嘗膽, 寢臥","와병, 와신상담, 침와",3급
渦,水(물수) / 형성,소용돌이 와,"渦流, 渦中, 渦動","와류, 와중, 와동",3급
婉,女(계집녀) / 형성,순할 완,"婉轉, 婉美, 婉然","완전, 완미, 완연",3급
緩,糸(실사) / 형성,느릴 완,"緩和, 緩行, 弛緩","완화, 완행, 이완",4급
腕,肉(고기육) / 형성,팔 완,"腕力, 手腕, 腕章","완력, 수완, 완장",3급
曰,曰(가로왈) / 지사,가로 왈,"子曰, 曰可曰否, 曰字","자왈, 왈가왈부, 왈자",3급
汪,水(물수) / 형성,넓을 왕,"汪洋, 汪然, 汪汪","왕양, 왕연, 왕왕",3급
歪,止(그칠지) / 회의,비뚤 왜,"歪曲, 歪曲度, 歪斜","왜곡, 왜곡도, 왜사",3급
猥,犬(개견) / 형성,함부로 외,"猥褻, 猥雜, 猥劣","외설, 외잡, 외열",3급
畏,田(밭전) / 회의,두려워할 외,"畏敬, 畏怖, 畏縮","외경, 외포, 외축",3급
凹,凵(위터진입구) / 상형,오목할 요,"凹凸, 凹面鏡, 凹版","요철, 오면경, 요판",3급
搖,手(손수) / 형성,흔들 요,"動搖, 搖籃, 搖動","동요, 요람, 요동",3급
遙,辵(쉬엄쉬엄갈착) / 형성,멀 요,"遙遠, 逍遙, 遙遙","요원, 소요, 요요",3급
溶,水(물수) / 형성,녹을 용,"溶液, 溶鎔, 溶解","용액, 용융, 용해",3급
湧,水(물수) / 형성,솟을 용,"湧出, 湧泉, 湧水","용출, 용천, 용수",3급
踊,足(발족) / 형성,뛸 용,"舞踊, 踊躍, 踊子","무용, 용약, 용자",3급
偶,人(사람인) / 형성,짝 우,"偶然, 配偶者, 偶像","우연, 배우자, 우상",4급
郵,邑(고을읍) / 형성,우편 우,"郵便, 郵遞局, 郵送","우편, 우체국, 우송",4급
愚,心(마음심) / 형성,어리석을 우,"愚問, 愚民, 愚鈍","우문, 우민, 우둔",3급
憂,心(마음심) / 형성,근심 우,"憂慮, 憂鬱, 杞憂","우려, 우울, 기우",4급
宇,宀(집면) / 형성,집 우,"宇宙, 宇內, 氣宇","우주, 우내, 기우",4급
旭,日(날일) / 상형,아침해 욱,"旭日, 旭日昇天, 旭光","욱일, 욱일승천, 욱광",3급
韻,音(소리음) / 형성,운 운,"韻律, 韻文, 押韻","운율, 운문, 압운",3급
鬱,鬯(울창주창) / 형성,답답할 울,"憂鬱, 鬱憤, 鬱蒼","우울, 울분, 울창",3급
雄,隹(새추) / 형성,수컷 웅,"英雄, 雄壯, 雄飛","영웅, 웅장, 웅비",4급
衛,行(다닐행) / 형성,지킬 위,"防衛, 衛星, 護衛","방위, 위성, 호위",4급
緯,糸(실사) / 형성,씨 위,"緯度, 經緯, 緯線","위도, 경위, 위선",4급
僞,人(사람인) / 형성,거짓 위,"僞造, 虛僞, 眞僞","위조, 허위, 진위",4급
慰,心(마음심) / 형성,위로할 위,"慰勞, 慰安, 慰問","위로, 위안, 위문",4급
違,辵(쉬엄쉬엄갈착) / 형성,어길 위,"違反, 違法, 違背","위반, 위법, 위배",4급
魏,鬼(귀신귀) / 형성,나라 위,"魏國, 魏晉, 魏碑","위국, 위진, 위비",3급
委,女(계집녀) / 회의,맡길 위,"委員, 委任, 委託","위원, 위임, 위탁",4급
胃,肉(고기육) / 상형,위장 위,"胃腸, 胃炎, 胃酸","위장, 위염, 위산",4급
威,女(계집녀) / 회의,위엄 위,"威嚴, 權威, 威力","위엄, 권위, 위력",4급
謂,言(말씀언) / 형성,이를 위,"所謂, 謂語, 謂稱","소위, 위어, 위칭",3급
尉,寸(마디촌) / 회의,벼슬 위,"尉官, 大尉, 少尉","위관, 대위, 소위",3급
幼,幺(작을요) / 회의,어릴 유,"幼稚, 幼兒, 幼年","유치, 유아, 유년",5급
幽,幺(작을요) / 상형,그윽할 유,"幽靈, 幽谷, 幽閉","유령, 유곡, 유폐",3급
悠,心(마음심) / 형성,멀 유,"悠悠, 悠久, 悠長","유유, 유구, 유장",3급
惟,心(마음심) / 형성,생각할 유,"思惟, 惟獨, 惟我獨尊","사유, 유독, 유아독존",3급
癒,疒(병질엄) / 형성,나을 유,"治癒, 痊癒, 平癒","치유, 전유, 평유",3급
遺,辵(쉬엄쉬엄갈착) / 형성,남길 유,"遺産, 遺跡, 遺言","유산, 유적, 유언",4급
猶,犬(개견) / 형성,같을 유,"猶豫, 猶如, 過猶不及","유예, 유여, 과유불급",3급
裕,衣(옷의) / 형성,넉넉할 유,"余裕, 富裕, 裕福","여유, 부유, 유복",3급
誘,言(말씀언) / 형성,꾈 유,"誘導, 誘惑, 誘致","유도, 유혹, 유치",3급
儒,人(사람인) / 형성,선비 유,"儒敎, 儒生, 儒林","유교, 유생, 유림",3급
柔,木(나무목) / 형성,부드러울 유,"柔軟, 柔道, 外柔內剛","유연, 유도, 외유내강",4급
閏,門(문문) / 회의,윤달 윤,"閏月, 閏年, 閏日","윤월, 윤년, 윤일",3급
潤,水(물수) / 형성,윤택할 윤,"潤澤, 利潤, 潤滑","윤택, 이윤, 윤활",3급
恩,心(마음심) / 형성,은혜 은,"恩惠, 報恩, 恩師","은혜, 보은, 은사",5급
隱,阜(언덕부) / 형성,숨을 은,"隱匿, 隱退, 隱蔽","은닉, 은퇴, 은폐",4급
淫,水(물수) / 형성,음란할 음,"淫亂, 淫蕩, 淫風","음란, 음탕, 음풍",3급
泣,水(물수) / 형성,울 읍,"泣訴, 號泣, 泣涕","읍소, 호읍, 읍체",3급
凝,冫(이수변) / 형성,엉길 응,"凝固, 凝結, 凝集","응고, 응결, 응집",3급
宜,宀(집면) / 회의,마땅할 의,"便宜, 適切宜, 適宜","편의, 적절의, 적의",3급
疑,疋(분별할아) / 형성,의심할 의,"疑問, 疑心, 容疑","의문, 의심, 용의",4급
儀,人(사람인) / 형성,거동 의,"儀式, 禮儀, 儀表","의식, 예의, 의표",4급
擬,手(손수) / 형성,헤아릴 의,"模擬, 擬人化, 擬音","모의, 의인화, 의음",3급
倚,人(사람인) / 형성,의지할 의,"倚賴, 倚托, 倚仗","의뢰, 의탁, 의장",3급
矣,矢(화살시) / 회의,어조사 의,"矣哉, 已矣, 決矣","의재, 이의, 결의",3급
犧,牛(소우) / 형성,희생 희,"犧牲, 犧牲羊, 犧牲物","희생, 희생양, 희생물",3급
戱,戈(창과) / 형성,희롱할 희,"遊戱, 戱劇, 戱言","유희, 희극, 희언",3급
欺,欠(하품흠) / 형성,속일 기,"詐欺, 欺瞞, 欺罔","사기, 기만, 기망",3급
稀,禾(벼화) / 형성,드물 희,"稀少, 稀貴, 稀薄","희소, 희귀, 희박",3급
希,巾(수건건) / 회의,바랄 희,"希望, 希求, 希願","희망, 희구, 희원",4급
幾,幺(작을요) / 회의,"몇 기, 기미 기","幾何學, 幾多, 幾何","기하학, 기다, 기하",3급
貳,貝(조개패) / 형성,두 이,"貳心, 貳倍, 不貳","이심, 이배, 불이",3급
弛,弓(활궁) / 형성,늦출 이,"弛緩, 解弛, 弛張","이완, 해이, 이장",3급
異,田(밭전) / 회의,다를 이,"異常, 差異, 異議","이상, 차이, 이의",5급
移,禾(벼화) / 형성,옮길 이,"移動, 移轉, 移民","이동, 이전, 이민",5급
爾,爻(점괘효) / 상형,너 이,"爾後, 爾來, 爾等","이후, 이래, 이등",3급
翼,羽(깃우) / 형성,날개 익,"左翼, 右翼, 比翼","좌익, 우익, 비익",3급
益,皿(그릇명) / 회의,더할 익,"利益, 有益, 公益","이익, 유익, 공익",4급
姻,女(계집녀) / 형성,혼인할 인,"婚姻, 姻戚, 結姻","혼인, 인척, 결인",3급
刃,刀(칼도) / 지사,칼날 인,"凶刃, 刃傷, 劍刃","흉인, 인상, 검인",3급
認,言(말씀언) / 형성,알 인,"認定, 認識, 承認","인정, 인식, 승인",5급
忍,心(마음심) / 형성,참을 인,"忍耐, 殘忍, 隱忍","인내, 잔인, 은인",4급
印,卩(병부절) / 회의,도장 인,"印刷, 印象, 捺印","인쇄, 인상, 날인",4급
逸,辵(쉬엄쉬엄갈착) / 형성,편안할 일,"逸脫, 秀逸, 逸品","일탈, 수일, 일품",3급
賃,貝(조개패) / 형성,품삭 임,"賃金, 賃貸, 家賃","임금, 임대, 가임",4급
刺,刀(칼도) / 형성,찌를 자,"刺客, 刺殺, 名刺","자객, 자살, 명함",3급
姿,女(계집녀) / 형성,맵시 자,"姿勢, 姿態, 容姿","자세, 자태, 용자",4급
玆,玄(검을현) / 상형,이 자,"玆今, 玆에, 玆日","지금, 자에, 자일",3급
慈,心(마음심) / 형성,사랑할 자,"慈悲, 慈愛, 慈善","자비, 자애, 자선",4급
磁,石(돌석) / 형성,사기 자,"磁氣, 磁石, 陶磁器","자기, 자석, 도자기",4급
紫,糸(실사) / 형성,붉을 자,"紫色, 紫外線, 靑紫","자색, 자외선, 청자",3급
仔,人(사람인) / 형성,"자세할 자, 새끼 자","仔細, 仔蟲, 猪仔","자세, 자충, 저자",3급
爵,爪(손톱조) / 상형,벼슬 작,"爵位, 男爵, 公爵","작위, 남작, 공작",3급
酌,酉(닭유) / 형성,따를 작,"參酌, 斟酌, 酌定","참작, 짐작, 작정",3급
雀,隹(새추) / 회의,참새 작,"孔雀, 雀躍, 燕雀","공작, 작약, 연작",3급
錯,金(쇠금) / 형성,어긋날 작,"錯誤, 錯覺, 錯雜","착오, 착각, 착잡",3급
殘,歹(죽을사변) / 형성,"남을 잔, 해칠 잔","殘業, 殘酷, 殘念","잔업, 잔혹, 잔념",4급
暫,日(날일) / 형성,잠깐 잠,"暫時, 暫定, 暫間","잠시, 잠정, 잠깐",3급
潛,水(물수) / 형성,잠길 잠,"潛在, 潛水艦, 潛入","잠재, 잠수함, 잠입",3급
雜,隹(새추) / 회의,섞일 잡,"複雜, 雜誌, 雜音","복잡, 잡지, 잡음",4급
杖,木(나무목) / 형성,지팡이 장,"杖刑, 棍杖, 杖責","장형, 곤장, 장책",3급
匠,匚(상자방) / 회의,장인 장,"巨匠, 意匠, 陶匠","거장, 의장, 도장",3급
腸,肉(고기육) / 형성,창자 장,"胃腸, 大腸, 小腸","위장, 대장, 소장",4급
臟,肉(고기육) / 형성,창자 장,"心臟, 內臟, 肝臟","심장, 내장, 간장",4급
莊,艸(풀초) / 형성,장엄할 장,"莊嚴, 莊重, 別莊","장엄, 장중, 별장",3급
裝,衣(옷의) / 형성,꾸밀 장,"包裝, 裝飾, 服裝","포장, 장식, 복장",4급
葬,艸(풀초) / 회의,장사지낼 장,"葬禮, 埋葬, 葬儀","장례, 매장, 장의",4급
蔣,艸(풀초) / 형성,성 장,"蔣氏, 蔣介石","장씨, 장개석",3급
藏,艸(풀초) / 형성,감출 장,"貯藏, 冷藏庫, 收藏","저장, 냉장고, 수장",4급
帳,巾(수건건) / 형성,휘장 장,"帳簿, 記帳, 蚊帳","장부, 기장, 문장",3급
障,阜(언덕부) / 형성,막을 장,"障碍, 故障, 保障","장애, 고장, 보장",4급
奬,大(큰대) / 형성,권면할 장,"奬勵, 奬學金, 褒奬","장려, 장학금, 포장",4급
栽,木(나무목) / 형성,심을 재,"栽培, 盆栽, 植栽","재배, 분재, 식재",3급
哉,口(입구) / 형성,어조사 재,"痛哉, 嗚呼哀哉, 悲哉","통재, 오호애재, 비재",3급
災,火(불화) / 회의,재앙 재,"災難, 災害, 火災","재난, 재해, 화재",4급
裁,衣(옷의) / 형성,마름질할 재,"裁判, 裁決, 制裁","재판, 재결, 제재",4급
載,車(수레차) / 형성,실을 재,"記載, 積載, 登載","기재, 적재, 등재",4급
宰,宀(집면) / 회의,재상 재,"宰相, 主宰, 總宰","재상, 주재, 총재",3급
爭,爪(손톱조) / 회의,다툴 쟁,"戰爭, 競爭, 鬪爭","전쟁, 경쟁, 투쟁",4급
邸,邑(고을읍) / 형성,집 저,"邸宅, 官邸, 公邸","저택, 관저, 공저",3급
抵,手(손수) / 형성,막을 저,"抵抗, 抵當, 大抵","저항, 저당, 대저",3급
貯,貝(조개패) / 형성,쌓을 저,"貯蓄, 貯藏, 貯水池","저축, 저장, 저수지",4급
狙,犬(개견) / 형성,거스릴 저,"狙擊, 狙擊手, 狙害","저격, 저격수, 저해",3급
猪,豕(돼지시) / 형성,돼지 저,"猪突的, 猪突, 野猪","저돌적, 저돌, 야저",3급
著,艸(풀초) / 형성,"나타날 저, 지을 저","著名, 著者, 顯著","저명, 저자, 현저",4급
摘,手(손수) / 형성,짤 적,"指摘, 摘發, 摘出","지적, 적발, 적출",3급
滴,水(물수) / 형성,물방울 적,"水滴, 點滴, 一滴","수적, 점적, 일적",3급
寂,宀(집면) / 형성,고요할 적,"寂寞, 靜寂, 寂寥","적막, 정적, 적료",3급
籍,竹(대죽) / 형성,문서 적,"國籍, 戶籍, 書籍","국적, 호적, 서적",4급
賊,貝(조개패) / 회의,도둑 적,"盜賊, 海賊, 賊軍","도적, 해적, 적군",4급
跡,足(발족) / 형성,자취 적,"痕跡, 奇跡, 軌跡","흔적, 기적, 궤적",4급
笛,竹(대죽) / 형성,피리 적,"汽笛, 牧笛, 畵笛","기적, 목적, 화적",3급
敵,攴(칠복) / 형성,원수 적,"敵人, 無敵, 敵軍","적인, 무적, 적군",4급
傳,人(사람인) / 형성,전할 전,"傳統, 傳達, 宣傳","전통, 전달, 선전",5급
專,寸(마디촌) / 회의,오로지 전,"專門, 專攻, 專用","전문, 전공, 전용",4급
展,尸(주검시) / 형성,펼 전,"發展, 展開, 展示","발전, 전개, 전시",5급
轉,車(수레차) / 형성,구를 전,"運轉, 轉換, 逆轉","운전, 전환, 역전",4급
錢,金(쇠금) / 형성,돈 전,"金錢, 銅錢, 守錢奴","금전, 동전, 수전노",4급
殿,殳(갖은등글월문) / 회의,전각 전,"宮殿, 殿下, 大殿","궁전, 전하, 대전",3급
奠,大(큰대) / 회의,정할 전,"奠都, 祭奠, 奠雁","전도, 제전, 전안",3급
箭,竹(대죽) / 형성,화살 전,"火箭, 弓箭, 箭筒","화전, 궁전, 전통",3급
節,竹(대죽) / 형성,"마디 절, 계절 절","季節, 節約, 節制","계절, 절약, 절제",5급
絶,糸(실사) / 회의,끊을 절,"絶對, 拒絶, 斷絶","절대, 거절, 단절",5급
竊,穴(구멍혈) / 회의,훔칠 절,"竊盜, 剽竊, 竊取","절도, 표절, 절취",3급
占,卜(점복) / 회의,점칠 점,"占領, 獨占, 占有","점령, 독점, 점유",4급
漸,水(물수) / 형성,점점 점,"漸進的, 漸次, 漸增","점진적, 점차, 점증",3급
粘,米(쌀미) / 형성,끈끈할 점,"粘土, 粘着, 粘性","점토, 점착, 점성",3급
蝶,虫(벌레훼) / 형성,나비 접,"蝴蝶, 蝶泳, 胡蝶夢","호접, 접영, 호접몽",3급
丁,一(한일) / 상형,"고무래 정, 장정 정","丁男, 壯丁, 丁字路","정남, 장정, 정자로",3급
停,人(사람인) / 형성,머무를 정,"停車, 停止, 停學","정차, 정지, 정학",4급
頂,頁(머리혈) / 형성,정수리 정,"頂上, 絶頂, 山頂","정상, 절정, 산정",4급
整,攴(칠복) / 회의,가지런할 정,"整理, 整頓, 整形","정리, 정돈, 정형",4급
訂,言(말씀언) / 형성,바로잡을 정,"訂正, 改訂, 補訂","정정, 개정, 보정",3급
淨,水(물수) / 형성,깨끗할 정,"淨化, 淸淨, 洗淨","정화, 청정, 세정",4급
情,心(마음심) / 형성,"뜻 정, 정 정","感情, 友情, 熱情","감정, 우정, 열정",5급
程,禾(벼화) / 형성,"길 정, 한도 정","程度, 過程, 日程","정도, 과정, 일정",5급
艇,舟(배주) / 형성,배 정,"艦艇, 舟艇, 競艇","함정, 주정, 경정",3급
晶,日(날일) / 회의,"밝을 정, 맑을 정","結晶, 水晶, 晶粒","결정, 수정, 정립",3급
井,二(두이) / 상형,우물 정,"井水, 井底之蛙, 油井","정수, 정저지와, 유정",3급
廷,廴(민책받침) / 형성,조정 정,"宮廷, 朝廷, 法廷","궁정, 조정, 법정",4급
貞,貝(조개패) / 회의,곧을 정,"貞操, 忠貞, 貞淑","정조, 충정, 정숙",3급
精,米(쌀미) / 형성,"정밀할 정, 정기 정","精神, 精密, 精誠","정신, 정밀, 정성",5급
呈,口(입구) / 회의,드릴 정,"贈呈, 進呈, 露呈","증정, 진정, 노정",3급
偵,人(사람인) / 형성,염탐할 정,"偵察, 密偵, 探偵","정찰, 밀정, 탐정",3급
政,攴(칠복) / 형성,정사 정,"政治, 行政, 政策","정치, 행정, 정책",5급
提,手(손수) / 형성,"끌 제, 들 제","提案, 提出, 提供","제안, 제출, 제공",4급
堤,土(흙토) / 형성,방죽 제,"防波堤, 堤防, 築堤","방파제, 제방, 축제",3급
諸,言(말씀언) / 형성,모든 제,"諸君, 諸般, 諸問題","제군, 제반, 제문제",4급
制,刀(칼도) / 회의,"억제할 제, 지을 제","制度, 制限, 統制","제도, 제한, 통제",5급
製,衣(옷의) / 형성,만들 제,"製品, 製造, 複製","제품, 제조, 복제",5급
劑,刀(칼도) / 형성,약제 제,"藥劑, 洗劑, 錠劑","약제, 세제, 정제",3급
際,阜(언덕부) / 형성,사이 제,"國際, 交際, 實際","국제, 교제, 실제",4급
除,阜(언덕부) / 형성,덜 제,"除去, 免除, 排除","제거, 면제, 배제",4급
題,頁(머리혈) / 형성,제목 제,"問題, 主題, 宿題","문제, 주제, 숙제",5급
帝,巾(수건건) / 회의,임금 제,"皇帝, 帝王, 帝國","황제, 제왕, 제국",4급
弟,弓(활궁) / 상형,아우 제,"兄弟, 門弟, 弟子","형제, 문제, 제자",7급
兆,儿(어진사람인발) / 상형,"조 조, 억조 조","徵兆, 兆候, 數兆","징조, 조후, 수조",4급
條,木(나무목) / 형성,조목 조,"條件, 條約, 條例","조건, 조약, 조례",4급
組,糸(실사) / 형성,짤 조,"組織, 組合, 編組","조직, 조합, 편조",4급
助,力(힘력) / 형성,도울 조,"救助, 援助, 補助","구조, 원조, 보조",5급
造,辵(쉬엄쉬엄갈착) / 형성,지을 조,"製造, 構造, 創造","제조, 구조, 창조",5급
調,言(말씀언) / 형성,고를 조,"調節, 調査, 調和","조절, 조사, 조화",5급
照,火(불화) / 형성,비칠 조,"照明, 照會, 對照","조명, 조회, 대조",4급
朝,月(달월) / 회의,"아침 조, 조정 조","早朝, 朝鮮, 朝廷","조조, 조선, 조정",6급
鳥,鳥(새조) / 상형,새 조,"鳥類, 白鳥, 小鳥","조류, 백조, 소조",6급
燥,火(불화) / 형성,마를 조,"乾燥, 枯燥, 燥熱","건조, 고조, 조열",3급
彫,彡(터럭삼) / 형성,새길 조,"彫刻, 彫塑, 彫像","조각, 조소, 조상",3급
措,手(손수) / 형성,둘 조,"措置, 措處, 擧措","조치, 조처, 거조",3급
阻,阜(언덕부) / 형성,막힐 조,"阻止, 阻害, 險阻","저지, 저해, 험조",3급
釣,金(쇠금) / 형성,낚을 조,"釣魚, 釣竿, 釣船","조어, 조간, 조선",3급
嘲,口(입구) / 형성,비웃을 조,"嘲弄, 嘲笑, 嘲罵","조롱, 조소, 조매",3급
尊,寸(마디촌) / 회의,높을 존,"尊重, 尊敬, 尊嚴","존중, 존경, 존엄",5급
卒,十(열십) / 지사,"마칠 졸, 군사 졸","卒業, 兵卒, 卒富","졸업, 병졸, 졸부",5급
拙,手(손수) / 형성,옹졸할 졸,"拙劣, 拙著, 拙作","졸렬, 졸저, 졸작",3급
宗,宀(집면) / 회의,마루 종,"宗敎, 宗派, 宗親","종교, 종파, 종친",4급
種,禾(벼화) / 형성,씨 종,"種類, 種子, 接種","종류, 종자, 접종",5급
終,糸(실사) / 형성,끝날 종,"終了, 最終, 終止符","종료, 최종, 종지부",5급
鐘,金(쇠금) / 형성,종 종,"鐘聲, 警鐘, 鐘閣","종성, 경종, 종각",3급
從,彳(조금걸을척) / 회의,좇을 종,"從順, 侍從, 隨從","종순, 시종, 수종",4급
縱,糸(실사) / 형성,"세로 종, 놓아줄 종","縱斷, 縱橫, 操縱","종단, 종횡, 조종",3급
座,广(엄호) / 형성,자리 좌,"座席, 講座, 座右銘","좌석, 강좌, 좌우명",4급
挫,手(손수) / 형성,꺾일 좌,"挫折, 挫傷, 頓挫","좌절, 좌상, 돈좌",3급
佐,人(사람인) / 형성,도울 좌,"補佐, 輔佐, 佐命","보좌, 보좌, 좌명",3급
左,工(장인공) / 회의,왼 좌,"左右, 左側, 左派","좌우, 좌측, 좌파",7급
罪,网(그물망) / 회의,허물 죄,"犯罪, 罪惡, 贖罪","범죄, 죄악, 속죄",5급
周,口(입구) / 회의,둘레 주,"周邊, 周圍, 週期","주변, 주위, 주기",4급
洲,水(물수) / 형성,모래톱 주,"三角洲, 洲渚, 砂洲","삼각주, 주저, 사주",3급
株,木(나무목) / 형성,"그루 주, 주식 주","株式, 柱株, 株價","주식, 주주, 주가",4급
州,川(내천) / 지사,고을 주,"九州, 州都, 廣州","구주, 주도, 광주",5급
注,水(물수) / 형성,부을 주,"注意, 注目, 注入","주의, 주목, 주입",5급
宙,宀(집면) / 형성,집 주,"宇宙, 宙內, 空間宙","우주, 주내, 공간주",4급
酒,酉(닭유) / 형성,술 주,"酒類, 麥酒, 飮酒","주류, 맥주, 음주",6급
奏,大(큰대) / 회의,"아뢸 주, 연주할 주","演奏, 伴奏, 合奏","연주, 반주, 합주",4급
鑄,金(쇠금) / 형성,쇠녹여부을 주,"鑄造, 鑄鐵, 鑄貨","주조, 주철, 주화",3급
朱,木(나무목) / 지사,붉을 주,"朱色, 朱墨, 朱丹","주색, 주묵, 주단",3급
駐,馬(말마) / 형성,머무를 주,"駐車, 駐在, 駐屯","주차, 주재, 주둔",4급
珠,玉(구슬옥) / 형성,구슬 주,"眞珠, 念珠, 碧珠","진주, 염주, 벽주",3급
柱,木(나무목) / 형성,기둥 주,"支柱, 柱石, 圓柱","지주, 주석, 원주",4급
竹,竹(대죽) / 상형,대 죽,"竹林, 竹馬故友, 破竹","죽림, 죽마고우, 파죽",4급
準,水(물수) / 형성,준할 준,"準備, 基準, 標準","준비, 기준, 표준",5급
俊,人(사람인) / 형성,준걸 준,"俊秀, 俊傑, 俊英","준수, 준걸, 준영",3급
峻,山(뫼산) / 형성,높을 준,"險峻, 峻嶺, 峻嚴","험준, 준령, 준엄",3급
遵,辵(쉬엄쉬엄갈착) / 형성,좇을 준,"遵守, 遵法, 遵行","준수, 준법, 준행",3급
浚,水(물수) / 형성,"깊을 준, 통할 준","浚渫, 浚深, 浚井","준설, 준심, 준정",3급
中,丨(뚫을곤) / 지사,가운데 중,"中心, 重要, 中毒","중심, 중요, 중독",8급
重,里(마을리) / 회의,무거울 중,"重要, 貴重, 愼重","중요, 귀중, 신중",6급
衆,血(피혈) / 회의,무리 중,"民衆, 群衆, 大衆","민중, 군중, 대중",4급
仲,人(사람인) / 형성,버금 중,"仲裁, 仲介, 伯仲","중재, 중개, 백중",3급
增,土(흙토) / 형성,더할 증,"增加, 增進, 增額","증가, 증진, 증액",4급
證,言(말씀언) / 형성,증거 증,"證據, 保證, 證明","증거, 보증, 증명",4급
曾,曰(가로왈) / 회의,일찍 증,"曾祖父, 曾孫, 未曾有","증조부, 증손, 미증유",3급
憎,心(마음심) / 형성,미울 증,"憎惡, 憎心, 愛憎","증오, 증심, 애증",3급
贈,貝(조개패) / 형성,줄 증,"寄贈, 贈與, 贈答","기증, 증여, 증답",4급
蒸,艸(풀초) / 형성,찔 증,"蒸氣, 蒸發, 蒸籠","증기, 증발, 증롱",3급
症,疒(병질엄) / 형성,증세 증,"症狀, 炎症, 痛症","증상, 염증, 통증",4급
旨,日(날일) / 회의,"뜻 지, 맛잇을 지","要旨, 主旨, 趣旨","요지, 주지, 취지",4급
識,言(말씀언) / 형성,"알 식, 기록할 지","標識, 款識, 常識","표지, 관지, 상식",5급
誌,言(말씀언) / 형성,기록할 지,"雜誌, 地誌, 誌面","잡지, 지지, 지면",4급
遲,辵(쉬엄쉬엄갈착) / 형성,늦을 지,"遲延, 遲刻, 遲滯","지연, 지각, 지체",4급
枝,木(나무목) / 형성,가지 지,"枝葉, 柳枝, 枝條","지엽, 유지, 지조",4급
指,手(손수) / 형성,가리킬 지,"指示, 指導, 指摘","지시, 지도, 지적",5급
止,止(그칠지) / 상형,그칠 지,"停止, 禁止, 防止","정지, 금지, 방지",6급
支,支(지탱할지) / 상형,지탱할 지,"支持, 支配, 支援","지지, 지배, 지원",5급
智,日(날일) / 형성,지혜 지,"智慧, 智能, 機智","지혜, 지능, 기지",4급
池,水(물수) / 형성,못 지,"電池, 貯水池, 蓮池","전지, 저수지, 연지",4급
脂,肉(고기육) / 형성,기름 지,"脂肪, 樹脂, 脂質","지방, 수지, 지질",3급
紙,糸(실사) / 형성,종이 지,"新聞紙, 百紙, 用紙","신문지, 백지, 용지",6급
摯,手(손수) / 형성,지극할 지,"眞摯, 摯實, 摯情","진지, 지실, 지정",3급
摯,手(손수) / 형성,잡을 지,"執摯, 摯友, 摯見","집지, 지우, 지견",3급
職,耳(귀이) / 형성,직분 직,"職業, 職場, 職務","직업, 직장, 직무",5급
織,糸(실사) / 형성,짤 직,"組織, 織物, 紡織","조직, 직물, 방직",4급
直,目(눈목) / 회의,곧을 직,"直接, 直線, 正直","직접, 직선, 정직",6급
辰,辰(별진) / 상형,"별 진, 다섯째 지지 진","辰時, 庚辰, 丙辰","진시, 경진, 병진",3급
振,手(손수) / 형성,떨칠 진,"振興, 振動, 振作","진흥, 진동, 진작",4급
眞,目(눈목) / 회의,참 진,"眞實, 寫眞, 眞理","진실, 사진, 진리",5급
鎭,金(쇠금) / 형성,진압할 진,"鎭壓, 鎭靜, 鎭痛劑","진압, 진정, 진통제",3급
陣,阜(언덕부) / 형성,진칠 진,"陣營, 陣地, 報道陣","진영, 진지, 보도진",3급
珍,玉(구슬옥) / 형성,보배 진,"貴重珍, 珍貴, 珍奇","귀중진, 진귀, 진기",4급
陳,阜(언덕부) / 형성,늘어놓을 진,"陳列, 開陳, 陳述","진열, 개진, 진술",4급
震,雨(비우) / 형성,"벼락 진, 흔들릴 진","地震, 震動, 激震","지진, 진동, 격진",4급
進,辵(쉬엄쉬엄갈착) / 회의,나아갈 진,"前進, 進行, 進步","전진, 진행, 진보",5급
盡,皿(그릇명) / 회의,다할 진,"盡力, 枯盡, 消盡","진력, 고진, 소진",3급
津,水(물수) / 형성,나루 진,"渡津, 津梁, 問津","도진, 진량, 문진",3급
診,言(말씀언) / 형성,진찰할 진,"診察, 診斷, 聽診","진찰, 진단, 청진",3급
秩,禾(벼화) / 형성,차례 질,"秩序, 秩秩, 秩祿","질서, 질질, 질록",4급
疾,疒(병질엄) / 회의,"병 질, 빠를 질","疾病, 疾患, 疾走","질병, 질환, 질주",3급
窒,穴(구멍혈) / 형성,막힐 질,"窒息, 窒素, 塞窒","질식, 질소, 색질",3급
嫉,女(계집녀) / 형성,시기할 질,"嫉妬, 猜嫉, 忌嫉","질투, 시질, 기질",3급
姪,女(계집녀) / 형성,조카 질,"姪子, 姪女, 甥姪","질자, 질녀, 생질",3급
輯,車(수레차) / 형성,모을 집,"編輯, 輯錄, 輯成","편집, 집록, 집성",3급
執,土(흙토) / 회의,잡을 집,"執行, 固執, 執念","집행, 고집, 집념",4급
徵,彳(조금걸을척) / 형성,"부를 징, 증거 징","徵收, 特徵, 象徵","징수, 특징, 상징",3급
懲,心(마음심) / 형성,징계할 징,"懲戒, 勸善懲惡, 懲罰","징계, 권선징악, 징벌",3급
澄,水(물수) / 형성,맑을 징,"淸澄, 澄澈, 澄明","청징, 징철, 징명",3급
差,工(장인공) / 회의,"어긋날 차, 다를 차","差別, 差異, 誤差","차별, 차이, 오차",5급
借,人(사람인) / 형성,빌릴 차,"借用, 賃借, 貸借","차용, 임차, 대차",5급
次,欠(하품흠) / 회의,버금 차,"次第, 次回, 目次","차제, 차회, 목차",6급
此,止(그칠지) / 회의,이 차,"彼此, 此後, 此際","피차, 차후, 차제",4급
車,車(수레차) / 상형,"수레 차, 수레 거","自動車, 列車, 車輛","자동차, 열차, 차량",7급
遮,辵(쉬엄쉬엄갈착) / 형성,막을 차,"遮斷, 遮蔽, 遮光","차단, 차폐, 차광",3급
着,目(눈목) / 형성,붙을 착,"到着, 着用, 定着","도착, 착용, 정착",5급
錯,金(쇠금) / 형성,어긋날 착,"錯誤, 錯覺, 錯雜","착오, 착각, 착잡",3급
捉,手(손수) / 형성,잡을 착,"捕捉, 捉發, 把握捉","포착, 착발, 파악착",3급
搾,手(손수) / 형성,짤 착,"搾取, 壓搾, 搾乳","착취, 압착, 착유",3급
燦,火(불화) / 형성,빛날 찬,"燦爛, 燦然, 輝燦","찬란, 찬연, 휘찬",3급
讚,言(말씀언) / 형성,칭찬할 찬,"讚美, 稱讚, 讚揚","찬미, 칭찬, 찬양",3급
纂,糸(실사) / 형성,모을 찬,"編纂, 纂修, 纂輯","편찬, 찬수, 찬집",3급
饌,食(밥식) / 형성,반찬 찬,"饌品, 飯饌, 膳饌","찬품, 반찬, 선찬",3급
斬,斤(도끼근) / 회의,벨 참,"斬首, 斬刑, 斬新","참수, 참형, 참신",3급
慘,心(마음심) / 형성,참혹할 참,"慘憺, 慘事, 悲慘","참담, 참사, 비참",4급
懺,心(마음심) / 형성,뉘우칠 참,"懺悔, 懺謝, 懺語","참회, 참사, 참어",3급
唱,口(입구) / 형성,부를 창,"合唱, 獨唱, 提唱","합창, 독창, 제창",4급
創,刀(칼도) / 형성,비로소 창,"創造, 創業, 創意","창조, 창업, 창의",4급
倉,人(사람인) / 회의,곳집 창,"倉庫, 穀倉, 米倉","창고, 곡창, 미창",4급
窓,穴(구멍혈) / 회의,창문 창,"窓門, 同窓, 窓口","창문, 동창, 창구",5급
暢,日(날일) / 형성,화창할 창,"暢達, 和暢, 流暢","창달, 화창, 유창",3급
蒼,艸(풀초) / 형성,푸를 창,"蒼空, 蒼茫, 蒼生","창공, 창망, 창생",3급
彰,彡(터럭삼) / 형성,밝힐 창,"表彰, 顯彰, 彰善","표창, 현창, 창선",3급
凄,冫(이수변) / 형성,쓸쓸할 처,"凄凉, 凄然, 凄絶","처량, 처연, 처절",3급
悽,心(마음심) / 형성,슬플 처,"悽慘, 悽然, 悽愴","처참, 처연, 처창",3급
妻,女(계집녀) / 회의,아내 처,"夫妻, 妻家, 妻妾","부처, 처가, 처첩",4급
尺,尸(주검시) / 지사,자 척,"尺度, 縮尺, 尺寸","척도, 축척, 척촌",3급
拓,手(손수) / 형성,"넓힐 척, 주을 척","開拓, 干拓, 拓殖","개척, 간척, 탁식",3급
斥,斤(도끼근) / 지사,물리칠 척,"排斥, 斥候, 斥邪","배척, 척후, 척사",3급
脊,肉(고기육) / 상형,등뼈 척,"脊椎, 脊梁, 脊髓","척추, 척량, 척수",3급
戚,戈(창과) / 회의,"겨레 척, 친척 척","親戚, 外戚, 戚屬","친척, 외척, 척속",3급
陟,阜(언덕부) / 회의,오를 척,"昇陟, 黜陟, 陟降","승척, 출척, 척강",3급
拓,手(손수) / 형성,"박을 탁, 넓힐 척","魚拓, 拓本, 拓殖","어탁, 탁본, 탁식",3급
薦,艸(풀초) / 형성,천거할 천,"推薦, 薦擧, 薦引","추천, 천거, 천인",3급
踐,足(발족) / 형성,밟을 천,"實踐, 踐踏, 踐履","실천, 천답, 천리",3급
遷,辵(쉬엄쉬엄갈착) / 회의,옮길 천,"遷都, 變遷, 左遷","천도, 변천, 좌천",3급
淺,水(물수) / 형성,얕을 천,"淺薄, 淺見, 深淺","천박, 천견, 심천",3급
賤,貝(조개패) / 형성,천할 천,"卑賤, 貴賤, 賤民","비천, 귀천, 천민",4급
穿,穴(구멍혈) / 형성,뚫을 천,"穿孔, 穿透, 貫穿","천공, 천투, 관천",3급
鐵,金(쇠금) / 형성,쇠 철,"鐵道, 地下鐵, 製鐵","철도, 지하철, 제철",5급
徹,彳(조금걸을척) / 회의,통할 철,"徹頭徹尾, 徹底, 貫徹","철두철미, 철저, 관철",3급
哲,口(입구) / 형성,밝을 철,"哲學, 賢哲, 哲理","철학, 현철, 철리",4급
撤,手(손수) / 형성,거둘 철,"撤回, 撤收, 撤廢","철회, 철수, 철폐",3급
綴,糸(실사) / 형성,엮을 철,"編綴, 綴字, 補綴","편철, 철자, 보철",3급
尖,小(작을소) / 회의,뾰족할 첨,"尖端, 尖銳, 尖塔","첨단, 첨예, 첨탑",3급
添,水(물수) / 형성,더할 첨,"添加, 添付, 添削","첨가, 첨부, 첨삭",3급
僉,人(사람인) / 회의,다 첨,"僉議, 僉員, 僉名","첨의, 첨원, 첨명",3급
瞻,目(눈목) / 형성,볼 첨,"瞻仰, 瞻望, 瞻視","첨앙, 첨망, 첨시",3급
諜,言(말씀언) / 형성,염탐할 첩,"間諜, 諜報, 密諜","간첩, 첩보, 밀첩",3급
捷,手(손수) / 형성,빠를 첩,"敏捷, 快捷, 捷徑","민첩, 쾌첩, 첩경",3급
妾,女(계집녀) / 회의,첩 첩,"愛妾, 妻妾, 妾室","애첩, 처첩, 첩실",3급
帖,巾(수건건) / 형성,문서 첩,"畵帖, 詩帖, 碑帖","화첩, 시첩, 비첩",3급
晴,日(날일) / 형성,갤 청,"快晴, 晴朗, 晴天","쾌청, 청랑, 청천",4급
廳,广(엄호) / 형성,관청 청,"官廳, 市廳, 道廳","관청, 시청, 도청",5급
請,言(말씀언) / 형성,청할 청,"請求, 申請, 要請","청구, 신청, 요청",5급
聽,耳(귀이) / 형성,들을 청,"聽取, 聽衆, 傍聽","청취, 청중, 방청",5급
滯,水(물수) / 형성,막힐 체,"滯留, 停滯, 延滯","체류, 정체, 연체",4급
逮,辵(쉬엄쉬엄갈착) / 형성,"미칠 체, 잡을 체","逮捕, 逮及, 逮繫","체포, 체급, 체계",3급
遞,辵(쉬엄쉬엄갈착) / 형성,갈마들 체,"遞送, 郵遞局, 遞減","체송, 우체국, 체감",3급
締,糸(실사) / 형성,맺을 체,"締結, 締約, 緊締","체결, 체약, 긴체",3급
替,曰(가로왈) / 회의,바꿀 체,"交替, 換替, 替換","교체, 환체, 체환",3급
涕,水(물수) / 형성,눈물 체,"涕泣, 涕淚, 泣涕","체읍, 체루, 읍체",3급
招,手(손수) / 형성,부를 초,"招待, 招請, 招聘","초대, 초청, 초빙",4급
抄,手(손수) / 형성,뽑을 초,"抄錄, 抄本, 抄出","초록, 초본, 초출",3급
超,走(달릴주) / 형성,뛰어넘을 초,"超過, 超越, 超能力","초과, 초월, 초능력",4급
肖,肉(고기육) / 상형,닮을 초,"肖像, 不肖, 肖像畵","초상, 불초, 초상화",3급
秒,禾(벼화) / 형성,초 초,"分秒, 幾秒, 毎秒","분초, 기초, 매초",4급
礎,石(돌석) / 형성,주춧돌 초,"基礎, 礎石, 定礎","기초, 초석, 정초",4급
哨,口(입구) / 형성,망볼 초,"哨戒, 前哨, 哨兵","초계, 전초, 초병",3급
促,人(사람인) / 형성,재촉할 촉,"督促, 促進, 催促","독촉, 촉진, 재촉",4급
燭,火(불화) / 형성,촛불 촉,"火燭, 燭臺, 蠟燭","화촉, 촉대, 납촉",3급
觸,角(뿔각) / 형성,닿을 촉,"接觸, 感觸, 觸發","접촉, 감촉, 촉발",4급
囑,口(입구) / 형성,부탁할 촉,"委囑, 囑託, 寄囑","위촉, 촉탁, 기촉",3급
銃,金(쇠금) / 형성,총 총,"拳銃, 銃器, 射銃","권총, 총기, 사총",3급
哲,口(입구) / 형성,밝을 철,"哲學, 賢哲, 哲理","철학, 현철, 철리",4급
撤,手(손수) / 형성,거둘 철,"撤回, 撤收, 撤廢","철회, 철수, 철폐",3급
綴,糸(실사) / 형성,엮을 철,"編綴, 綴字, 補綴","편철, 철자, 보철",3급
尖,小(작을소) / 회의,뾰족할 첨,"尖端, 尖銳, 尖塔","첨단, 첨예, 첨탑",3급
添,水(물수) / 형성,더할 첨,"添加, 添付, 添削","첨가, 첨부, 첨삭",3급
僉,人(사람인) / 회의,다 첨,"僉議, 僉員, 僉名","첨의, 첨원, 첨명",3급
瞻,目(눈목) / 형성,볼 첨,"瞻仰, 瞻望, 瞻視","첨앙, 첨망, 첨시",3급
諜,言(말씀언) / 형성,염탐할 첩,"間諜, 諜報, 密諜","간첩, 첩보, 밀첩",3급
捷,手(손수) / 형성,빠를 첩,"敏捷, 快捷, 捷徑","민첩, 쾌첩, 첩경",3급
妾,女(계집녀) / 회의,첩 첩,"愛妾, 妻妾, 妾室","애첩, 처첩, 첩실",3급
帖,巾(수건건) / 형성,문서 첩,"畵帖, 詩帖, 碑帖","화첩, 시첩, 비첩",3급
晴,日(날일) / 형성,갤 청,"快晴, 晴朗, 晴天","쾌청, 청랑, 청천",4급
廳,广(엄호) / 형성,관청 청,"官廳, 市廳, 道廳","관청, 시청, 도청",5급
請,言(말씀언) / 형성,청할 청,"請求, 申請, 要請","청구, 신청, 요청",5급
聽,耳(귀이) / 형성,들을 청,"聽取, 聽衆, 傍聽","청취, 청중, 방청",5급
滯,水(물수) / 형성,막힐 체,"滯留, 停滯, 延滯","체류, 정체, 연체",4급
遞,辵(쉬엄쉬엄갈착) / 형성,갈마들 체,"遞送, 郵遞局, 遞減","체송, 우체국, 체감",3급
締,糸(실사) / 형성,맺을 체,"締結, 締約, 緊締","체결, 체약, 긴체",3급
替,曰(가로왈) / 회의,바꿀 체,"交替, 換替, 替換","교체, 환체, 체환",3급
涕,水(물수) / 형성,눈물 체,"涕泣, 涕淚, 泣涕","체읍, 체루, 읍체",3급
招,手(손수) / 형성,부를 초,"招待, 招請, 招聘","초대, 초청, 초빙",4급
抄,手(손수) / 형성,뽑을 초,"抄錄, 抄本, 抄出","초록, 초본, 초출",3급
超,走(달릴주) / 형성,뛰어넘을 초,"超過, 超越, 超能力","초과, 초월, 초능력",4급
肖,肉(고기육) / 상형,닮을 초,"肖像, 不肖, 肖像畵","초상, 불초, 초상화",3급
秒,禾(벼화) / 형성,초 초,"分秒, 幾秒, 毎秒","분초, 기초, 매초",4급
礎,石(돌석) / 형성,주춧돌 초,"基礎, 礎石, 定礎","기초, 초석, 정초",4급
哨,口(입구) / 형성,망볼 초,"哨戒, 前哨, 哨兵","초계, 전초, 초병",3급
促,人(사람인) / 형성,재촉할 촉,"督促, 促進, 催促","독촉, 촉진, 촉진",4급
燭,火(불화) / 형성,촛불 촉,"火燭, 燭臺, 蠟燭","화촉, 촉대, 납촉",3급
觸,角(뿔각) / 형성,닿을 촉,"接觸, 感觸, 觸發","접촉, 감촉, 촉발",4급
囑,口(입구) / 형성,부탁할 촉,"委囑, 囑託, 寄囑","위촉, 촉탁, 기촉",3급
銃,金(쇠금) / 형성,총 총,"拳銃, 銃器, 射銃","권총, 총기, 사총",3급
撮,手(손수) / 형성,사진찍을 촬,"撮影, 撮要, 撮土","촬영, 촬요, 촬토",3급
催,人(사람인) / 형성,재촉할 최,"開催, 催促, 催眠","개최, 최촉, 최면",4급
樞,木(나무목) / 형성,지도리 추,"樞軸, 樞機, 中樞","추축, 추기, 중추",3급
雛,隹(새추) / 형성,병아리 추,"鳳雛, 雛鳥, 雛形","봉추, 추조, 추형",3급
抽,手(손수) / 형성,뽑을 추,"抽象, 抽出, 抽籤","추상, 추출, 추첨",4급
醜,酉(닭유) / 형성,추할 추,"醜態, 醜惡, 醜聞","추태, 추악, 추문",3급
椎,木(나무목) / 형성,등뼈 추,"脊椎, 椎骨, 頸椎","척추, 추골, 경추",3급
墜,土(흙토) / 형성,떨어질 추,"墜落, 失墜, 擊墜","추락, 실추, 격추",3급
趨,走(달릴주) / 형성,달릴 추,"趨勢, 趨向, 趨走","추세, 추향, 추주",3급
鄒,邑(고을읍) / 형성,나라 이름 추,"鄒魯, 鄒族, 鄒子","추로, 추족, 추자",3급
軸,車(수레차) / 형성,굴대 축,"車軸, 樞軸, 軸心","차축, 추축, 축심",3급
築,竹(대죽) / 회의,쌓을 축,"建築, 築造, 築堤","건축, 축조, 축제",4급
蓄,艸(풀초) / 형성,쌓을 축,"蓄積, 貯蓄, 蓄電","축적, 저축, 축전",4급
縮,糸(실사) / 형성,줄일 축,"短縮, 縮小, 壓縮","단축, 축소, 압축",4급
逐,豕(돼지시) / 회의,쫓을 축,"逐出, 驅逐, 逐次","축출, 구축, 축차",3급
畜,田(밭전) / 회의,"기를 축, 가축 축","家畜, 畜産, 牧畜","가축, 축산, 목축",4급
黜,黑(검을흑) / 형성,내칠 출,"黜陟, 黜退, 罷黜","출척, 출퇴, 파출",3급
忠,心(마음심) / 형성,충성 충,"忠誠, 忠臣, 忠告","충성, 충신, 충고",5급
衝,行(다닐행) / 형성,찌를 충,"衝擊, 衝突, 衝天","충격, 충돌, 충천",4급
衷,衣(옷의) / 형성,속마음 충,"折衷, 衷情, 苦衷","절충, 충정, 고충",3급
蟲,虫(벌레훼) / 상형,벌레 충,"昆蟲, 害蟲, 益蟲","곤충, 해충, 익충",4급
悴,心(마음심) / 형성,파리할 췌,"憔悴, 悴顔, 悴容","초췌, 췌안, 췌용",3급
膵,肉(고기육) / 형성,이자 췌,"膵臟, 膵液, 膵炎","췌장, 췌액, 췌염",3급
贅,貝(조개패) / 회의,혹 췌,"贅肉, 贅辭, 贅言","췌육, 췌사, 췌언",3급
聚,耳(귀이) / 회의,모을 취,"聚落, 聚集, 聚散","취락, 취집, 취산",3급
醉,酉(닭유) / 형성,취할 취,"麻醉, 陶醉, 醉生夢死","마취, 도취, 취생몽사",4급
就,尤(더욱우) / 회의,나아갈 취,"就職, 就任, 就業","취직, 취임, 취업",4급
臭,自(스스로자) / 회의,냄새 취,"惡臭, 臭味, 體臭","악취, 취미, 체취",3급
吹,口(입구) / 회의,불 취,"吹奏, 鼓吹, 吹笛","취주, 고취, 취적",3급
側,人(사람인) / 형성,곁 측,"側面, 反側, 左側","측면, 반측, 좌측",4급
惻,心(마음심) / 형성,슬퍼할 측,"惻隱之心, 悽惻, 悲惻","측은지심, 처측, 비측",3급
値,人(사람인) / 형성,값 치,"價値, 數値, 平均値","가치, 수치, 평균치",4급
置,网(그물망) / 형성,둘 치,"位置, 設置, 措置","위치, 설치, 조치",5급
致,至(이를지) / 형성,이를 치,"一致, 致命的, 誘致","일치, 치명적, 유치",4급
恥,心(마음심) / 형성,부끄러울 치,"廉恥, 羞恥, 恥辱","염치, 수치, 치욕",4급
痴,疒(병질엄) / 형성,어리석을 치,"白痴, 痴呆, 音痴","백치, 치매, 음치",3급
馳,馬(말마) / 형성,달릴 치,"驅馳, 馳騁, 風馳電掣","구치, 치빙, 풍치전체",3급
雉,隹(새추) / 형성,꿩 치,"雉鷄, 雉堞, 捕雉","치계, 치첩, 포치",3급
漆,水(물수) / 형성,옻 칠,"漆黑, 漆器, 漆工","칠흑, 칠기, 칠공",3급
枕,木(나무목) / 형성,베개 침,"枕木, 枕邊, 孤枕","침목, 침변, 고침",3급
浸,水(물수) / 형성,잠길 침,"浸水, 浸透, 浸蝕","침수, 침투, 침식",3급
侵,人(사람인) / 형성,침노할 침,"侵略, 侵害, 侵入","침략, 침해, 침입",4급
沈,水(물수) / 형성,가라앉을 침,"沈默, 沈沒, 沈滯","침묵, 침몰, 침체",4급
針,金(쇠금) / 형성,바늘 침,"方針, 磁針, 指針","방침, 자침, 지침",4급
稱,禾(벼화) / 형성,일컬을 칭,"稱讚, 呼稱, 名稱","칭찬, 호칭, 명칭",4급
墮,土(흙토) / 형성,떨어질 타,"墮落, 墮胎, 頹墮","타락, 타태, 퇴타",3급
濁,水(물수) / 형성,흐릴 탁,"濁酒, 混濁, 汚濁","탁주, 혼탁, 오탁",4급
託,言(말씀언) / 형성,부탁할 탁,"託送, 信託, 委託","탁송, 신탁, 위탁",4급
誕,言(말씀언) / 형성,낳을 탄,"誕生, 誕辰, 降誕","탄생, 탄신, 강탄",4급
彈,弓(활궁) / 형성,탄알 탄,"彈丸, 爆彈, 彈壓","탄환, 폭탄, 탄압",4급
嘆,口(입구) / 형성,탄식할 탄,"嘆息, 慨嘆, 嘆聲","탄식, 개탄, 탄성",4급
炭,火(불화) / 회의,숯 탄,"石炭, 炭鑛, 炭素","석탄, 탄광, 탄소",4급
奪,大(큰대) / 회의,빼앗을 탈,"奪還, 爭奪, 掠奪","탈환, 쟁탈, 약탈",4급
耽,耳(귀이) / 형성,즐길 탐,"耽讀, 耽溺, 耽羅","탐독, 탐닉, 탐라",3급
態,心(마음심) / 형성,모양 태,"狀態, 態度, 形態","상태, 태도, 형태",5급
怠,心(마음심) / 형성,게으를 태,"怠慢, 怠惰, 怠工","태만, 태타, 태공",3급
胎,肉(고기육) / 형성,아이밸 태,"胎兒, 胎敎, 胚胎","태아, 태교, 배태",3급
宅,宀(집면) / 회의,집 택,"自宅, 住宅, 貴宅","자택, 주택, 귀택",5급
澤,水(물수) / 형성,"못 택, 은혜 택","惠澤, 光澤, 潤澤","혜택, 광택, 윤택",4급
痛,疒(병질엄) / 형성,아플 통,"痛症, 苦痛, 頭痛","통증, 고통, 두통",5급
統,糸(실사) / 형성,거느릴 통,"統一, 大統領, 系統","통일, 대통령, 계통",5급
透,辵(쉬엄쉬엄갈착) / 형성,통할 투,"透明, 浸透, 透過","투명, 침투, 투과",3급
鬪,鬥(싸울투) / 형성,싸울 투,"戰鬪, 鬪爭, 奮鬪","전투, 투쟁, 분투",4급
慝,心(마음심) / 형성,사특할 특,"奸慝, 陰慝, 慝情","간특, 음특, 특정",3급
偏,人(사람인) / 형성,치우칠 편,"偏見, 偏愛, 偏向","편견, 편애, 편향",4급
編,糸(실사) / 형성,엮을 편,"編集, 編成, 改編","편집, 편성, 개편",4급
遍,辵(쉬엄쉬엄갈착) / 형성,두루 편,"普遍, 遍歷, 遍在","보편, 편력, 편재",3급
片,片(조각편) / 상형,조각 편,"斷片, 破片, 記錄片","단편, 파편, 기록편",4급
